id,condition_id,title,category,subcategory,description,end_date,end_date_iso,closed,archived,status,platform,created_at,event_title,event_tags,outcomes,twitter_mentions_24h,social_hype_score
516883,0xad9107c82737d1be8f5a5119a5cd582423f126e8884c78c53ac687699c4bc668,"Will Ethereum dip to $1,500 by December 31?",crypto,,,,,true,,active,polymarket,2025-12-29 01:40:38.728401,What price will Ethereum hit in 2025?,"['Crypto', 'Crypto Prices', 'Ethereum', 'Hit Price', 'Yearly']","[""Yes"", ""No""]",0,0.0
516925,0x2df7bb9bb2d044408af2a3ef947fd1eb7f5a167d7322cdbb410588af4974ab4e,Will the US confirm that aliens exist in 2025?,politics,,,,,false,,active,polymarket,2025-12-29 01:40:38.679533,Will the US confirm that aliens exist in 2025?,"['aliens', 'Culture', 'Science', 'Politics', '2025 Predictions', 'U.S. Politics', 'Declassification']","[""Yes"", ""No""]",0,0.0
517817,0x5a2c59ffeb6d19ec30d9a1a689b0a2f50381d442f9a159ab9dfd2a2aae0948bb,Will Trump acquire Greenland in 2025?,politics,,,,,false,,active,polymarket,2025-12-29 01:40:38.679566,Will Trump acquire Greenland in 2025?,"['Trump Presidency', 'Trump', 'Politics', 'Denmark', 'buy', 'MAGA', 'U.S. Politics', 'Foreign Policy', 'Greenland', '2025 Predictions']","[""Yes"", ""No""]",0,0.0
527869,0x94f3b700e10d974d9b571b6c98e6fb658ce69cbcfcf57f8d54ff800d3a2a0f19,Dogecoin all time high before 2026?,crypto,,,,,false,,active,polymarket,2025-12-29 01:40:38.679802,Dogecoin all time high before 2026?,"['Crypto Prices', 'Crypto', 'Dogecoin', 'Other', 'ATH']","[""Yes"", ""No""]",0,0.0
540819,0x32b09f6390252b37d674501527e709016d55581b2c1e544bd4b8167f5f732f4c,Will Jesus Christ return before GTA VI?,politics,,,,,false,,active,polymarket,2025-12-29 01:40:38.679538,What will happen before GTA VI?,"['Culture', 'All', 'Politics', 'GTA VI']","[""Yes"", ""No""]",0,0.0
549618,0xb5f38d569f21df62db1b694fdd1e45b7393ac73615bef37abfc59c9d5a2f7808,Will Pump.fun perform an airdrop by July 31? ,crypto,,,,,true,,active,polymarket,2025-12-29 01:40:38.728363,Pump.fun airdrop by ....? ,"['Crypto', 'Crypto Prices', 'Airdrops', 'Pre-Market']","[""Yes"", ""No""]",0,0.0
553374,0xd5e2c76090cc15dc1e613fd61b9a2cee9b76c9097a6c313f256df55d2df5149c,Will the Iranian regime fall in 2025?,politics,,,,,false,,active,polymarket,2025-12-29 01:40:38.679573,Will the Iranian regime fall in 2025?,"['Iran', 'Politics', 'Israel', 'Middle East', 'World', 'Geopolitics', 'Trump Presidency', 'Khamenei']","[""Yes"", ""No""]",0,0.0
556063,0xdb68062324c27327e9cd4b21b1dd0deadbc4b860abb8c076b9ba3ed4652ced13,MegaETH market cap (FDV) >$6B one day after launch?,crypto,,,,,false,,active,polymarket,2025-12-29 01:40:38.728368,MegaETH market cap (FDV) one day after launch?,"['Airdrops', 'Featured', 'Crypto', 'MegaETH', 'Pre-Market']","[""Yes"", ""No""]",0,0.0
558839,0xfc4453f83b30fdad8ac707b7bd11309aa4c4c90d0c17ad0c4680d4142d4471f7,Will China unban Bitcoin in 2025?,crypto,,,,,false,,active,polymarket,2025-12-29 01:40:38.679796,Will China unban Bitcoin in 2025?,"['Crypto', 'Bitcoin', 'Geopolitics', 'Economy', 'World', 'Crypto Policy', 'China']","[""Yes"", ""No""]",0,0.0
559662,0x9d4f94f82de9d13ff1d3318639ab9000ee2533949e525343156f374fb00bd9b1,Will Mark Cuban win the 2028 Democratic presidential nomination?,politics,,,,,false,,active,polymarket,2025-12-29 01:40:38.679550,Democratic Presidential Nominee 2028,"['World Elections', 'Global Elections', 'Elections', 'Politics', 'US Election', 'Earn 4%', 'Primaries']","[""Yes"", ""No""]",0,0.0
559667,0x3e218c99a1335641b3a5ee6c887521d19b0c28fddd6b99c254a07968e35c0b1b,Will Michelle Obama win the 2028 Democratic presidential nomination?,politics,,,,,false,,active,polymarket,2025-12-29 01:40:38.679543,Democratic Presidential Nominee 2028,"['World Elections', 'Global Elections', 'Elections', 'Politics', 'US Election', 'Earn 4%', 'Primaries']","[""Yes"", ""No""]",0,0.0
559673,0xca1d1139b0c3a29983407f499476ae642482788e841a277eb86faeeb9fa4a85c,Will John Fetterman win the 2028 Democratic presidential nomination?,politics,,,,,false,,active,polymarket,2025-12-29 01:40:38.679541,Democratic Presidential Nominee 2028,"['World Elections', 'Global Elections', 'Elections', 'Politics', 'US Election', 'Earn 4%', 'Primaries']","[""Yes"", ""No""]",0,0.0
561015,0x6830f5868d794655bc325a8e414fae1944755f513796a498aba43d8911b22e91,Will Bitcoin outperform Gold in 2025?,crypto,,,,,false,,active,polymarket,2025-12-29 01:40:38.728351,Will Bitcoin outperform Gold in 2025?,"['Crypto', 'Bitcoin', 'Crypto Prices']","[""Yes"", ""No""]",0,0.0
559675,0xfee07be730188c94cd3644ed6f107fa3ea2dfab9989ce8d39aeeae064766abe3,Will Jon Stewart win the 2028 Democratic presidential nomination?,politics,,,,,false,,active,polymarket,2025-12-29 05:47:06.532450,Democratic Presidential Nominee 2028,"['World Elections', 'Global Elections', 'Elections', 'Politics', 'US Election', 'Earn 4%', 'Primaries']","[""Yes"", ""No""]",0,0.0
561238,0xc4435df23facee8c4cd86090310c7835c2a0425646b2588b0a02e67fa42f444e,Will Glenn Youngkin win the 2028 US Presidential Election?,politics,,,,,false,,active,polymarket,2025-12-29 01:40:38.679561,Presidential Election Winner 2028,"['World Elections', 'Global Elections', 'US Election', 'Elections', 'Politics', 'Earn 4%']","[""Yes"", ""No""]",0,0.0
561829,0x1d54eb5eac2cee8f595f3097c65da7d07f8ab5dee63d7c0c6883eb70e1e9af30,"Russia x Ukraine ceasefire by March 31, 2026?",politics,,,,,false,,active,polymarket,2025-12-29 01:40:38.679568,"Russia x Ukraine ceasefire by March 31, 2026?","['Geopolitics', 'Foreign Policy', 'Trump Presidency', 'World', 'Ukraine', 'Politics', 'putin', 'Trump-Zelenskyy', 'Macro Geopolitics', 'Ukraine Peace Deal']","[""Yes"", ""No""]",0,0.0
561949,0x6ef0c13571ac6178adbaf231b22efe80ad6f2071f37efa5c041484edd8599e72,Will Solana reach $260 before 2026?,crypto,,,,,false,,active,polymarket,2025-12-29 01:40:38.679797,What price will Solana hit before 2026?,"['Crypto', 'Recurring', 'Crypto Prices', 'Solana', 'Yearly', 'Hit Price']","[""Yes"", ""No""]",0,0.0
561955,0x551f8b2c9a628e7c13d508aa624d2415c9fc6666c307016e3c5fd22539f54f92,Will Solana dip to $120 before 2026?,crypto,,,,,true,,active,polymarket,2025-12-29 01:40:38.728361,What price will Solana hit before 2026?,"['Crypto', 'Recurring', 'Crypto Prices', 'Solana', 'Yearly', 'Hit Price']","[""Yes"", ""No""]",0,0.0
561956,0xd1aa9234e4c25fca5f17ae7fb3bd0effb37f8a47b79c576bd12881e97f267d03,Will Solana dip to $90 before 2026?,crypto,,,,,false,,active,polymarket,2025-12-29 01:40:38.728349,What price will Solana hit before 2026?,"['Crypto', 'Recurring', 'Crypto Prices', 'Solana', 'Yearly', 'Hit Price']","[""Yes"", ""No""]",0,0.0
561982,0x00ad3bb5284b0b2314b1a2d42812fe292f606619c6278bd95c9d905816c240f6,Will Sarah Huckabee Sanders win the 2028 Republican presidential nomination?,politics,,,,,false,,active,polymarket,2025-12-29 01:40:38.679545,Republican Presidential Nominee 2028,"['Politics', 'US Election', 'Elections', 'World Elections', 'Global Elections', 'Earn 4%', 'Primaries']","[""Yes"", ""No""]",0,0.0
559665,0x1970bcce75e3674660917ae4685b433a9b1e0152d810a8d7c346dfd5e00694c2,Will Corey Booker win the 2028 Democratic presidential nomination?,politics,,,,,false,,active,polymarket,2025-12-29 01:40:38.679528,Democratic Presidential Nominee 2028,"['World Elections', 'Global Elections', 'Elections', 'Politics', 'US Election', 'Earn 4%', 'Primaries']","[""Yes"", ""No""]",0,0.0
559674,0x8fbcb151e2c988df5a43abb02298014b7daf34c008f3eed9188dd16a2a19bec1,Will Jared Polis win the 2028 Democratic presidential nomination?,politics,,,,,false,,active,polymarket,2025-12-29 01:40:38.679531,Democratic Presidential Nominee 2028,"['World Elections', 'Global Elections', 'Elections', 'Politics', 'US Election', 'Earn 4%', 'Primaries']","[""Yes"", ""No""]",0,0.0
561983,0x214093035e429b91df322bd20c55d9f611f741f67472a63f7623a9afc0cffa57,Will Greg Abbott win the 2028 Republican presidential nomination?,politics,,,,,false,,active,polymarket,2025-12-29 01:40:38.679569,Republican Presidential Nominee 2028,"['Politics', 'US Election', 'Elections', 'World Elections', 'Global Elections', 'Earn 4%', 'Primaries']","[""Yes"", ""No""]",0,0.0
561986,0xd1747284d6048b2a3dcfbee489db405f36de18f9590197dd0e5c9f0c246bf050,Will Byron Donalds win the 2028 Republican presidential nomination?,politics,,,,,false,,active,polymarket,2025-12-29 01:40:38.679556,Republican Presidential Nominee 2028,"['Politics', 'US Election', 'Elections', 'World Elections', 'Global Elections', 'Earn 4%', 'Primaries']","[""Yes"", ""No""]",0,0.0
516712,0x1bbdc459d73e6972f5ba1f687d739fde70a9774f4875611699fb00a9eb28f090,Tether insolvent in 2025?,crypto,,,,,false,,active,polymarket,2025-12-29 10:41:28.814922,Tether insolvent in 2025?,"['2025 Predictions', 'Crypto Prices', 'Crypto', 'Stablecoins']","[""Yes"", ""No""]",0,0.0
561987,0x655b4bfdfa55a95c24d6e9bf7e7cd62f1b57da9a1f4c7f40f090b8ba847dffa2,Will Elise Stefanik win the 2028 Republican presidential nomination?,politics,,,,,false,,active,polymarket,2025-12-29 01:40:38.679559,Republican Presidential Nominee 2028,"['Politics', 'US Election', 'Elections', 'World Elections', 'Global Elections', 'Earn 4%', 'Primaries']","[""Yes"", ""No""]",0,0.0
561988,0x4d4bceee5f59f75230c6438f69fc913a6da7afa4098ce0734655045c02a730fc,Will Josh Hawley win the 2028 Republican presidential nomination?,politics,,,,,false,,active,polymarket,2025-12-29 01:40:38.679563,Republican Presidential Nominee 2028,"['Politics', 'US Election', 'Elections', 'World Elections', 'Global Elections', 'Earn 4%', 'Primaries']","[""Yes"", ""No""]",0,0.0
561991,0xf2cea45ec282af4f302d2ab85ede73678cd692ebf8c3ab6d52bfa5e19f44c553,Will Matt Gaetz win the 2028 Republican presidential nomination?,politics,,,,,false,,active,polymarket,2025-12-29 01:40:38.679553,Republican Presidential Nominee 2028,"['Politics', 'US Election', 'Elections', 'World Elections', 'Global Elections', 'Earn 4%', 'Primaries']","[""Yes"", ""No""]",0,0.0
562000,0xd10bc768ede58b53ed400594240b0a0603134a32dab89ec823a18759cbc180ca,Will Rand Paul win the 2028 Republican presidential nomination?,politics,,,,,false,,active,polymarket,2025-12-29 01:40:38.679548,Republican Presidential Nominee 2028,"['Politics', 'US Election', 'Elections', 'World Elections', 'Global Elections', 'Earn 4%', 'Primaries']","[""Yes"", ""No""]",0,0.0
562003,0x414378275cb214b747245942be889ee1e077c56d1c00eb4d726629c95f22b5a5,Will Kim Kardashian win the 2028 Republican presidential nomination?,politics,,,,,false,,active,polymarket,2025-12-29 01:40:38.679540,Republican Presidential Nominee 2028,"['Politics', 'US Election', 'Elections', 'World Elections', 'Global Elections', 'Earn 4%', 'Primaries']","[""Yes"", ""No""]",0,0.0
566166,0xb7d6b207e1db1e7ea07a7fb37cfd42847f64f0efb0c4dc2af25b0fdd5cee1066,Will Union Saint-Gilloise win the 2025–26 Champions League?,sports,,,,,false,,active,polymarket,2025-12-29 01:40:38.679630,UEFA Champions League Winner ,"['Soccer', 'Champions League', 'Sports', 'UCL']","[""Yes"", ""No""]",0,0.0
566195,0x0856ff922ee902e07ac1401def92503d797cfa4160942a26ffb9065f1d596d26,Will Nottm Forest win the 2025–26 English Premier League?,sports,,,,,false,,active,polymarket,2025-12-29 01:40:38.679628,English Premier League Winner ,"['Sports', 'Soccer', 'EPL']","[""Yes"", ""No""]",0,0.0
566203,0xa4ff70673e8d6f76261400c0ffd9d7970bf6d8aec5f8f44b20434e59e3e3141e,Will Leeds win the 2025–26 English Premier League?,sports,,,,,false,,active,polymarket,2025-12-29 01:40:38.679603,English Premier League Winner ,"['Sports', 'Soccer', 'EPL']","[""Yes"", ""No""]",0,0.0
566205,0x819503ca15508ed1ecee519edba1666e8d789ac989590fbb03eda3abaff43e06,Will Sunderland win the 2025–26 English Premier League?,sports,,,,,false,,active,polymarket,2025-12-29 01:40:38.679660,English Premier League Winner ,"['Sports', 'Soccer', 'EPL']","[""Yes"", ""No""]",0,0.0
566237,0xefe3a05506e08fefb8c1998aa607fcce31e32a6852ef60bee4c71d0935c97950,Will Sevilla win the 2025–26 La Liga?,sports,,,,,false,,active,polymarket,2025-12-29 01:40:38.679722,La Liga Winner ,"['Sports', 'Soccer', 'La Liga']","[""Yes"", ""No""]",0,0.0
566239,0x5e67d2599f32e6cd86a760bf28796da2e796377e5d711b739a1686b0d17dc31c,Will Getafe win the 2025–26 La Liga?,sports,,,,,false,,active,polymarket,2025-12-29 01:40:38.679706,La Liga Winner ,"['Sports', 'Soccer', 'La Liga']","[""Yes"", ""No""]",0,0.0
566241,0x2a9458b5d5b7e639ce2ab0c60dfaa986d1a8c3a99174ec41ad9ee762c08494d4,Will Alaves win the 2025–26 La Liga?,sports,,,,,false,,active,polymarket,2025-12-29 01:40:38.679678,La Liga Winner ,"['Sports', 'Soccer', 'La Liga']","[""Yes"", ""No""]",0,0.0
582752,0xdb4143780c085f54f82e6baf461e4df46ad900df8148d03258da93cf2c64b165,Will MicroStrategy hold 680k+ BTC by December 31?,crypto,,,,,false,,active,polymarket,2025-12-29 13:50:14.085964,Will MicroStrategy hold 680k+ BTC by December 31?,"['MicroStrategy', 'Crypto']","[""Yes"", ""No""]",0,0.0
559651,0xa467b14d51f01b957109d9cbb1d6c124fab2a089d52ed8f471d23c2812e743b7,Xi Jinping out before 2027?,politics,,,,,false,,active,polymarket,2025-12-30 02:27:03.402766,Xi Jinping out before 2027?,"['Geopolitics', 'World', 'world affairs', 'Earn 4%', 'Macro Geopolitics']","[""Yes"", ""No""]",0,0.0
516714,0x5a54c2fe06f97a6abf5f7790d9d19e42680ae1ca61b344360deabaab28bd0f30,Weed rescheduled in 2025?,politics,,,,,false,,active,polymarket,2025-12-29 01:40:38.679583,Weed rescheduled in 2025?,"['2025 Predictions', 'Politics', 'Breaking News', 'Reefer', 'Ganja', 'Marijuana', 'Pot', 'thc']","[""Yes"", ""No""]",0,0.0
559652,0x0f49db97f71c68b1e42a6d16e3de93d85dbf7d4148e3f018eb79e88554be9f75,Will Gavin Newsom win the 2028 Democratic presidential nomination?,politics,,,,,false,,active,polymarket,2025-12-29 01:40:38.679578,Democratic Presidential Nominee 2028,"['World Elections', 'Global Elections', 'Elections', 'Politics', 'US Election', 'Earn 4%', 'Primaries']","[""Yes"", ""No""]",0,0.0
566153,0xafb35c067db349948912b0c7443a9837ff9cbfacb9bb952a9cc64081f9c792de,Will Athletic Club win the 2025–26 Champions League?,sports,,,,,false,,active,polymarket,2025-12-29 01:40:38.679626,UEFA Champions League Winner ,"['Soccer', 'Champions League', 'Sports', 'UCL']","[""Yes"", ""No""]",0,0.0
566163,0x5084907f4caed11fff6f029ecd5d66bf24f3afbf970352c0964b547a9079a374,Will Ajax win the 2025–26 Champions League?,sports,,,,,false,,active,polymarket,2025-12-29 01:40:38.679619,UEFA Champions League Winner ,"['Soccer', 'Champions League', 'Sports', 'UCL']","[""Yes"", ""No""]",0,0.0
566167,0x7e6021ad37547bbec1c6193df617be4ecbb0693d48bd8bb2d57bc290708335f8,Will Olympiakos win the 2025–26 Champions League?,sports,,,,,false,,active,polymarket,2025-12-29 01:40:38.679606,UEFA Champions League Winner ,"['Soccer', 'Champions League', 'Sports', 'UCL']","[""Yes"", ""No""]",0,0.0
566170,0xe06c8e9546be61e4ba8b03ad431dfff590fc6b21a5b746e71f62ae85f1dcad6a,Will Club Brugge win the 2025–26 Champions League?,sports,,,,,false,,active,polymarket,2025-12-29 01:40:38.679611,UEFA Champions League Winner ,"['Soccer', 'Champions League', 'Sports', 'UCL']","[""Yes"", ""No""]",0,0.0
566174,0xe371bb4a38f3714fc1ef7a8ecdaca8a8005aecead9ec95eb5ed8184ca55a94d7,Will Slavia Pragu win the 2025–26 Champions League?,sports,,,,,false,,active,polymarket,2025-12-29 01:40:38.679605,UEFA Champions League Winner ,"['Soccer', 'Champions League', 'Sports', 'UCL']","[""Yes"", ""No""]",0,0.0
566193,0x2ca58175aa8080357d9706c535bb0be218ce7bb156dc48753e0d8b8ee6b56635,Will Aston Villa win the 2025–26 English Premier League?,sports,,,,,false,,active,polymarket,2025-12-29 01:40:38.679623,English Premier League Winner ,"['Sports', 'Soccer', 'EPL']","[""Yes"", ""No""]",0,0.0
566194,0x3d7df1bd2cb3e1dbdfa20f368fbdbe3ed55d091174a633fd0bc21b5e3d3732b9,Will Brighton win the 2025–26 English Premier League?,sports,,,,,false,,active,polymarket,2025-12-29 01:40:38.679615,English Premier League Winner ,"['Sports', 'Soccer', 'EPL']","[""Yes"", ""No""]",0,0.0
566197,0xcbb6f3d8c0443114ce3c151a1dbcc5b73d34444b0be0e44c42272a1653c3f1f8,Will Everton win the 2025–26 English Premier League?,sports,,,,,false,,active,polymarket,2025-12-29 01:40:38.679613,English Premier League Winner ,"['Sports', 'Soccer', 'EPL']","[""Yes"", ""No""]",0,0.0
566198,0x300603cf45c00af47424fffe1a012708d7c8d5f9830c0365c3bbc2f5924cc67d,Will West Ham win the 2025–26 English Premier League?,sports,,,,,false,,active,polymarket,2025-12-29 01:40:38.679625,English Premier League Winner ,"['Sports', 'Soccer', 'EPL']","[""Yes"", ""No""]",0,0.0
566150,0x03ea417a6e1705498427bbe8fd89b922664db3020f196595d5c2a88826c7434c,Will Leverkusen win the 2025–26 Champions League?,sports,,,,,false,,active,polymarket,2025-12-29 01:40:38.679674,UEFA Champions League Winner ,"['Soccer', 'Champions League', 'Sports', 'UCL']","[""Yes"", ""No""]",0,0.0
566154,0x94867c89a77b18380ce1bf85006f3ccf2ef5252e0dc6319677aaf615bd857bf4,Will Marseille win the 2025–26 Champions League?,sports,,,,,false,,active,polymarket,2025-12-29 01:40:38.679679,UEFA Champions League Winner ,"['Soccer', 'Champions League', 'Sports', 'UCL']","[""Yes"", ""No""]",0,0.0
566155,0xca0ce5347ab5282bc62bd666f532ffda671ee077dc32219313f545b7e702e33f,Will Villarreal win the 2025–26 Champions League?,sports,,,,,false,,active,polymarket,2025-12-29 01:40:38.679655,UEFA Champions League Winner ,"['Soccer', 'Champions League', 'Sports', 'UCL']","[""Yes"", ""No""]",0,0.0
566156,0x5dac59c04086e3921abc98c1f3b4a1e6a3f4962d8d8869a5e91b58df46b081a1,Will Eintracht Frankfurt win the 2025–26 Champions League?,sports,,,,,false,,active,polymarket,2025-12-29 01:40:38.679668,UEFA Champions League Winner ,"['Soccer', 'Champions League', 'Sports', 'UCL']","[""Yes"", ""No""]",0,0.0
566158,0x135e00bfdb16be6111f194cb8365ac5645707c3a43ce3ff298ab4dbf67fcdd09,Will Benfica win the 2025–26 Champions League?,sports,,,,,false,,active,polymarket,2025-12-29 01:40:38.679663,UEFA Champions League Winner ,"['Soccer', 'Champions League', 'Sports', 'UCL']","[""Yes"", ""No""]",0,0.0
566160,0x40c8ee9e0d66c80695e98b00c1930db96e39554f0eb0801e5cc271ad3f60025a,Will PSV win the 2025–26 Champions League?,sports,,,,,false,,active,polymarket,2025-12-29 01:40:38.679670,UEFA Champions League Winner ,"['Soccer', 'Champions League', 'Sports', 'UCL']","[""Yes"", ""No""]",0,0.0
566172,0x04b1198c2a888f4d162cc5eea844b2f67a80e684d37d8e75bbcde2fc2d06755b,Will Bodo Glimt win the 2025–26 Champions League?,sports,,,,,false,,active,polymarket,2025-12-29 01:40:38.679671,UEFA Champions League Winner ,"['Soccer', 'Champions League', 'Sports', 'UCL']","[""Yes"", ""No""]",0,0.0
566196,0x5974071cfbede55c04c1e44963c872de571a9286904c8edb1ded240e597a8011,Will Bournemouth win the 2025–26 English Premier League?,sports,,,,,false,,active,polymarket,2025-12-29 01:40:38.679658,English Premier League Winner ,"['Sports', 'Soccer', 'EPL']","[""Yes"", ""No""]",0,0.0
566199,0x5203a95598f18205fa5d1fae7afdefedfbb356679f1ae6e3911c54883a462034,Will Crystal Palace win the 2025–26 English Premier League?,sports,,,,,false,,active,polymarket,2025-12-29 01:40:38.679650,English Premier League Winner ,"['Sports', 'Soccer', 'EPL']","[""Yes"", ""No""]",0,0.0
566200,0x8c5699dd31e0782b3bff9d3aaf4a0f4077a1449cfa8d2e821c6e881e033c4afb,Will Fulham win the 2025–26 English Premier League?,sports,,,,,false,,active,polymarket,2025-12-29 01:40:38.679645,English Premier League Winner ,"['Sports', 'Soccer', 'EPL']","[""Yes"", ""No""]",0,0.0
566191,0x7cab9da787443beec1eb5e399afd46fffdc27b5f00e0293a1d6a9996c948ac52,Will Manchester United win the 2025–26 English Premier League?,sports,,,,,false,,active,polymarket,2025-12-30 17:36:22.475091,English Premier League Winner ,"['Sports', 'Soccer', 'EPL']","[""Yes"", ""No""]",0,0.0
566201,0x29eafc104d7824c838e194766074f50b352f866abd9bc2fe536b1cdf93e3663f,Will Brentford win the 2025–26 English Premier League?,sports,,,,,false,,active,polymarket,2025-12-29 01:40:38.679651,English Premier League Winner ,"['Sports', 'Soccer', 'EPL']","[""Yes"", ""No""]",0,0.0
566202,0x7e2484f2f94720b76d9380f26a35a64a2fe0e638467d4840c2a6ac7d879149e5,Will Wolves win the 2025–26 English Premier League?,sports,,,,,false,,active,polymarket,2025-12-29 01:40:38.679648,English Premier League Winner ,"['Sports', 'Soccer', 'EPL']","[""Yes"", ""No""]",0,0.0
566204,0x536ee0e8926c58f8b14f08ff6769dcf01ecb64716e598c12d1d1335af287a198,Will Burnley win the 2025–26 English Premier League?,sports,,,,,false,,active,polymarket,2025-12-29 01:40:38.679666,English Premier League Winner ,"['Sports', 'Soccer', 'EPL']","[""Yes"", ""No""]",0,0.0
566238,0xa6a324f5aed32ad2b72b68d276ed4c25a6ca628caf70b602bb2dc2f5e4b4be92,Will Espanyol win the 2025–26 La Liga?,sports,,,,,false,,active,polymarket,2025-12-29 01:40:38.679646,La Liga Winner ,"['Sports', 'Soccer', 'La Liga']","[""Yes"", ""No""]",0,0.0
540208,0x959899cd8459386dd0b0e46d13ce7d6b693f864641643c8629ef18762ef88a32,Will the Baltimore Ravens win Super Bowl 2026?,sports,,,,,false,,active,polymarket,2025-12-29 01:40:38.679710,Super Bowl Champion 2026,"['Sports', 'NFL', 'Cowboys vs Eagles']","[""Yes"", ""No""]",0,0.0
540216,0x918ad84643db0f17ffc10e46b5f5088f2cb775bf2162c7462f23ae212c3166cd,Will the Detroit Lions win Super Bowl 2026?,sports,,,,,true,,active,polymarket,2025-12-29 01:40:38.679707,Super Bowl Champion 2026,"['Sports', 'NFL', 'Cowboys vs Eagles']","[""Yes"", ""No""]",0,0.0
540217,0x632d9c1f768b65f774aa506811204f37b5d45de6d8adecc494beba3f447dfd8c,Will the Green Bay Packers win Super Bowl 2026?,sports,,,,,false,,active,polymarket,2025-12-29 01:40:38.679717,Super Bowl Champion 2026,"['Sports', 'NFL', 'Cowboys vs Eagles']","[""Yes"", ""No""]",0,0.0
540223,0x39be54f735f3aca38d52bd0109bc85859a78efc8c443369028a447083a0d7e77,Will the Los Angeles Chargers win Super Bowl 2026?,sports,,,,,false,,active,polymarket,2025-12-29 01:40:38.679712,Super Bowl Champion 2026,"['Sports', 'NFL', 'Cowboys vs Eagles']","[""Yes"", ""No""]",0,0.0
553861,0xe492ad958b21201e928b6666570820a184b8f71e834910945efcfb86eecd02cd,Will the Indiana Pacers win the 2026 NBA Finals?,sports,,,,,false,,active,polymarket,2025-12-29 01:40:38.679720,2026 NBA Champion,"['Sports', 'NBA', 'NBA Finals', 'Basketball', 'NBA Champion']","[""Yes"", ""No""]",0,0.0
563368,0x293fb49f43b12631ec4ad0617d9c0efc0eacce33416ef16f68521427daca1678,Will Satoshi move any Bitcoin in 2025?,crypto,,,,,false,,active,polymarket,2025-12-29 01:40:38.679725,Will Satoshi move any Bitcoin by ___?,"['Crypto', 'Bitcoin']","[""Yes"", ""No""]",0,0.0
566152,0xf9d58b904a94f0431d5bee7070650a305566927b3f7bf00f8529e20c9a99a6d4,Will Atalanta win the 2025–26 Champions League?,sports,,,,,false,,active,polymarket,2025-12-29 01:40:38.679714,UEFA Champions League Winner ,"['Soccer', 'Champions League', 'Sports', 'UCL']","[""Yes"", ""No""]",0,0.0
566157,0x9552060b91cc7502f17dcfd0dd5dbfc01d7eb5be48a853cde4e2b66227e5e030,Will Monaco win the 2025–26 Champions League?,sports,,,,,false,,active,polymarket,2025-12-29 01:40:38.679686,UEFA Champions League Winner ,"['Soccer', 'Champions League', 'Sports', 'UCL']","[""Yes"", ""No""]",0,0.0
566165,0xe64a95a022a9012b0e5cba0c4c3c8e81caf10f7dd5a091c24714ed154e02c13c,Will Galatasaray win the 2025–26 Champions League?,sports,,,,,false,,active,polymarket,2025-12-29 01:40:38.679701,UEFA Champions League Winner ,"['Soccer', 'Champions League', 'Sports', 'UCL']","[""Yes"", ""No""]",0,0.0
566187,0xcba24842ceac7a40d2a8b9adde1f4407999b6505193b9fd68156ae76fbffa706,Will Arsenal win the 2025–26 English Premier League?,sports,,,,,false,,active,polymarket,2025-12-29 01:40:38.679709,English Premier League Winner ,"['Sports', 'Soccer', 'EPL']","[""Yes"", ""No""]",0,0.0
566188,0xfb1835b887c33862f5749c619e612d1244ab6e66115f0ef43d373485dc3a1573,Will Manchester City win the 2025–26 English Premier League?,sports,,,,,false,,active,polymarket,2025-12-29 01:40:38.679719,English Premier League Winner ,"['Sports', 'Soccer', 'EPL']","[""Yes"", ""No""]",0,0.0
566189,0xd02f8e3b72040d933427396f9f0a9cb740a0adefcec46e345211fa0fc5b975e9,Will Chelsea win the 2025–26 English Premier League?,sports,,,,,false,,active,polymarket,2025-12-29 01:40:38.679715,English Premier League Winner ,"['Sports', 'Soccer', 'EPL']","[""Yes"", ""No""]",0,0.0
566190,0xede5bd35327ea3d3c4ec164df7dd85de41a6c7de5419457281b6ad2d98d15086,Will Newcastle win the 2025–26 English Premier League?,sports,,,,,false,,active,polymarket,2025-12-29 01:40:38.679694,English Premier League Winner ,"['Sports', 'Soccer', 'EPL']","[""Yes"", ""No""]",0,0.0
566192,0x1b681ccb2987c2cd36e86d8182de50043106ba91cf9692506eea9f340d12293f,Will Tottenham win the 2025–26 English Premier League?,sports,,,,,false,,active,polymarket,2025-12-29 01:40:38.679688,English Premier League Winner ,"['Sports', 'Soccer', 'EPL']","[""Yes"", ""No""]",0,0.0
567469,0x4a626036665e1210bf12b659b82c4a18354d01c05381bf4f3ffe0302268d48e8,Will Pump.fun perform an airdrop by December 31? ,crypto,,,,,false,,active,polymarket,2025-12-29 01:40:38.728388,Pump.fun airdrop by ....? ,"['Crypto', 'Crypto Prices', 'Airdrops', 'Pre-Market']","[""Yes"", ""No""]",0,0.0
567687,0xaeea5f917fc5746387b5f9c0a4263dba035dbb3f0ac6ad72bf92183d21e26739,Russia x Ukraine ceasefire by end of 2026?,politics,,,,,false,,active,polymarket,2025-12-29 01:40:38.679571,Russia x Ukraine ceasefire by end of 2026?,"['World', 'Ukraine', 'Geopolitics', 'Politics', 'Foreign Policy', 'Trump-Zelenskyy', 'Earn 4%', 'Ukraine Peace Deal']","[""Yes"", ""No""]",0,0.0
569424,0x28101208d1076b3dc8fca84aeebe55cc8505b01f40c8e1d5c5fa3209cc395120,Will Joana Amaral Dias win the 2026 Portugal presidential election?,politics,,,,,false,,active,polymarket,2025-12-29 01:40:38.679581,Portugal Presidential Election,"['Global Elections', 'Politics', 'World', 'World Elections', 'Elections', 'Macro Election 2']","[""Yes"", ""No""]",0,0.0
569428,0x1a550f4be5469a1f7f19a6a87eb1d3c5aee638dd4b325cd7e80c94fcb69a4325,Will Aristides Teixeira win the 2026 Portugal presidential election?,politics,,,,,false,,active,polymarket,2025-12-29 01:40:38.679521,Portugal Presidential Election,"['Global Elections', 'Politics', 'World', 'World Elections', 'Elections', 'Macro Election 2']","[""Yes"", ""No""]",0,0.0
569431,0x2bd06b3fd416fa6bbb9cf2667ff62977754e49b6d7966077173d266a71a2f240,Will Pedro Tinoco de Faria win the 2026 Portugal presidential election?,politics,,,,,false,,active,polymarket,2025-12-29 01:40:38.679523,Portugal Presidential Election,"['Global Elections', 'Politics', 'World', 'World Elections', 'Elections', 'Macro Election 2']","[""Yes"", ""No""]",0,0.0
569434,0xa619cefee23be0abf807ea451642fe20c497ecb2fd705ee645c3d96d8d11637c,Will Vitorino Silva win the 2026 Portugal presidential election?,politics,,,,,false,,active,polymarket,2025-12-29 01:40:38.679584,Portugal Presidential Election,"['Global Elections', 'Politics', 'World', 'World Elections', 'Elections', 'Macro Election 2']","[""Yes"", ""No""]",0,0.0
569435,0xbc4e7ff877a14d8e0dd44bdc0f95ca7a1cf0956fdcfeaf57828a9a9761f95f91,Will Ângela Maryah win the 2026 Portugal presidential election?,politics,,,,,false,,active,polymarket,2025-12-29 01:40:38.679579,Portugal Presidential Election,"['Global Elections', 'Politics', 'World', 'World Elections', 'Elections', 'Macro Election 2']","[""Yes"", ""No""]",0,0.0
569436,0x35fdbb84a6a3c45466deea33ee0f0500e70078351ff8b8fb0576d361bb2eeed1,Will António Filipe win the 2026 Portugal presidential election?,politics,,,,,false,,active,polymarket,2025-12-29 01:40:38.679551,Portugal Presidential Election,"['Global Elections', 'Politics', 'World', 'World Elections', 'Elections', 'Macro Election 2']","[""Yes"", ""No""]",0,0.0
569437,0x3b1a3232b14a029f96a3e1b04a5d8dde31575d74024389b53631e73b4a494480,Will Raul Perestrello win the 2026 Portugal presidential election?,politics,,,,,false,,active,polymarket,2025-12-29 01:40:38.679484,Portugal Presidential Election,"['Global Elections', 'Politics', 'World', 'World Elections', 'Elections', 'Macro Election 2']","[""Yes"", ""No""]",0,0.0
569438,0x18b1dc1565575cb2ff48bbc078070170ca3278691860cca7c97131fc657a9530,Will José Cardoso win the 2026 Portugal presidential election?,politics,,,,,false,,active,polymarket,2025-12-29 01:40:38.679530,Portugal Presidential Election,"['Global Elections', 'Politics', 'World', 'World Elections', 'Elections', 'Macro Election 2']","[""Yes"", ""No""]",0,0.0
569440,0xbc4e5a49c32f7d9cc55654ddfbcf8f75706edc07a11ae327730bb877750bbeaa,Will Jorge Pinto win the 2026 Portugal presidential election?,politics,,,,,false,,active,polymarket,2025-12-29 01:40:38.679574,Portugal Presidential Election,"['Global Elections', 'Politics', 'World', 'World Elections', 'Elections', 'Macro Election 2']","[""Yes"", ""No""]",0,0.0
570270,0x3c4b545b189b25c868f50f36c9efc21c0ca5eabcf6c733058dac137f3509f6c1,Will Opensea launch a token by December 31? ,crypto,,,,,false,,active,polymarket,2025-12-29 01:40:38.728365,Will Opensea launch a token by ....? ,"['Crypto', 'Airdrops', 'opensea', 'Pre-Market']","[""Yes"", ""No""]",0,0.0
572403,0x5478c62494cb4aeffe77ea23437721eb6d5e50d7b6f668242479e50b09d06979,Will Bitcoin hit $80k or $150k first?,crypto,,,,,false,,active,polymarket,2025-12-29 01:40:38.728380,Will Bitcoin hit $80k or $150k first?,"['Crypto', 'Bitcoin', 'Crypto Prices', 'Hit First']","[""80k"", ""150k""]",0,0.0
572470,0xdcc87b9ca36015e396bd0eebca29e854a136ed2b0b701049d1ee9da6bee3eb35,Will Trump nominate Kevin Hassett as the next Fed chair?,politics,,,,,false,,active,polymarket,2025-12-29 01:40:38.679555,Who will Trump nominate as Fed Chair?,"['Jerome Powell', 'Politics', 'Trump Presidency', 'Trump', 'Fed Rates', 'Fed']","[""Yes"", ""No""]",0,0.0
572472,0xc82669901de7cb0be25c1d8de39fbbe8e2ddc0aacba0a30a663ed13c3b9eb06d,Will Trump nominate Bill Pulte as the next Fed chair?,politics,,,,,false,,active,polymarket,2025-12-29 01:40:38.679498,Who will Trump nominate as Fed Chair?,"['Jerome Powell', 'Politics', 'Trump Presidency', 'Trump', 'Fed Rates', 'Fed']","[""Yes"", ""No""]",0,0.0
572477,0x22d3d4722ce79dae5b2594df2ce89b1c283e3227b78718353bcca2e854d115a4,Will Trump nominate Larry Kudlow as the next Fed chair?,politics,,,,,false,,active,polymarket,2025-12-29 01:40:38.679536,Who will Trump nominate as Fed Chair?,"['Jerome Powell', 'Politics', 'Trump Presidency', 'Trump', 'Fed Rates', 'Fed']","[""Yes"", ""No""]",0,0.0
572489,0xc71855fc12bcc7fed8448d4eb863a3aab497e8bbd135ee54d5a8ddb03c4ea1f9,Will Trump nominate Janet Yellen as the next Fed chair?,politics,,,,,false,,active,polymarket,2025-12-29 01:40:38.679469,Who will Trump nominate as Fed Chair?,"['Jerome Powell', 'Politics', 'Trump Presidency', 'Trump', 'Fed Rates', 'Fed']","[""Yes"", ""No""]",0,0.0
572494,0x3d83f444f62b2afe0cb28485073cbf3617400d58813cd351cd4d242560ac47f2,Will Trump nominate himself as the next Fed chair?,politics,,,,,false,,active,polymarket,2025-12-29 01:40:38.679482,Who will Trump nominate as Fed Chair?,"['Jerome Powell', 'Politics', 'Trump Presidency', 'Trump', 'Fed Rates', 'Fed']","[""Yes"", ""No""]",0,0.0
573652,0xe85aa009b1296e6cb66571d2f1e33db3a91939711dd073486ef1b8f2a53ad1a8,Will Bitcoin hit $150k by September 30?,crypto,,,,,true,,active,polymarket,2025-12-29 01:40:38.728375,When will Bitcoin hit $150k?,"['Bitcoin', 'Crypto', 'Crypto Prices']","[""Yes"", ""No""]",0,0.0
573653,0x0cd467df4030e7da99133ae20665f0905e6a9cbc6706d11c87712730a0434170,Will Bitcoin hit $150k by December 31?,crypto,,,,,false,,active,polymarket,2025-12-29 01:40:38.728353,When will Bitcoin hit $150k?,"['Bitcoin', 'Crypto', 'Crypto Prices']","[""Yes"", ""No""]",0,0.0
574068,0x2688412dbb15d62fdf0257598665870343847a902add909a7e95a373870598b6,"Will Ethereum dip to $1,300 by December 31?",crypto,,,,,false,,active,polymarket,2025-12-29 01:40:38.679804,What price will Ethereum hit in 2025?,"['Crypto', 'Crypto Prices', 'Ethereum', 'Hit Price', 'Yearly']","[""Yes"", ""No""]",0,0.0
516713,0x416316490efec1038ce09ec0184f82f1f7921876ee0594a30c783635ea6983d0,USDT depeg in 2025?,crypto,,,,,false,,active,polymarket,2025-12-29 01:40:38.679799,USDT depeg in 2025?,"['Stablecoins', 'depeg', '2025 Predictions', 'Crypto']","[""Yes"", ""No""]",0,0.0
518874,0x8a3efd9a41cb8bff7474de6b67f4efa778ac4dd5d8caea008b8087af0a19a0e6,US national Ethereum reserve in 2025?,crypto,,,,,false,,active,polymarket,2025-12-29 01:40:38.728372,US national Ethereum reserve in 2025?,"['Crypto Summit', 'Other', 'Economic Policy', 'Trump', 'Crypto Policy', 'Ethereum', 'Crypto', 'Politics', '2025 Predictions', 'U.S. Politics']","[""Yes"", ""No""]",0,0.0
516716,0x1b6f76e5b8587ee896c35847e12d11e75290a8c3934c5952e8a9d6e4c6f03cfa,Khamenei out as Supreme Leader of Iran in 2025?,politics,,,,,false,,active,polymarket,2025-12-29 01:40:38.679504,Khamenei out as Supreme Leader of Iran in 2025?,"['2025 Predictions', 'Middle East', 'Geopolitics', 'Politics', 'World', 'Israel', 'Iran', 'Khamenei']","[""Yes"", ""No""]",0,0.0
516719,0x8ee2f1640386310eb5e7ffa596ba9335f2d324e303d21b0dfea6998874445791,Russia x Ukraine ceasefire in 2025?,politics,,,,,false,,active,polymarket,2025-12-29 01:40:38.679447,Russia x Ukraine ceasefire in 2025?,"['2025 Predictions', 'Ukraine', 'Geopolitics', 'Politics', 'World', 'Foreign Policy', 'Trump-Putin']","[""Yes"", ""No""]",0,0.0
516861,0xd8b9ff369452daebce1ac8cb6a29d6817903e85168356c72812317f38e317613,"Will Bitcoin reach $1,000,000 by December 31, 2025?",crypto,,,,,false,,active,polymarket,2025-12-29 01:40:38.679723,What price will Bitcoin hit in 2025?,"['Crypto', 'Crypto Prices', 'Bitcoin', 'Hit Price', 'Yearly']","[""Yes"", ""No""]",0,0.0
516862,0xac2be3a5471b343d43b9f0d3f141611b91feb8c66aed8e286cd3d2540714aaba,"Will Bitcoin reach $250,000 by December 31, 2025?",crypto,,,,,false,,active,polymarket,2025-12-29 01:40:38.679733,What price will Bitcoin hit in 2025?,"['Crypto', 'Crypto Prices', 'Bitcoin', 'Hit Price', 'Yearly']","[""Yes"", ""No""]",0,0.0
516863,0x4e2887e913cd6e091c9b07b5e4013b24f372453efa6f11a0b0c5f65371729cf4,"Will Bitcoin reach $200,000 by December 31, 2025?",crypto,,,,,false,,active,polymarket,2025-12-29 01:40:38.679728,What price will Bitcoin hit in 2025?,"['Crypto', 'Crypto Prices', 'Bitcoin', 'Hit Price', 'Yearly']","[""Yes"", ""No""]",0,0.0
516864,0x9aa6086535a4b3145e9f7378dd58a7a8c30c4b15bd4fe17eb6990817f5cd3cd9,"Will Bitcoin reach $150,000 by December 31, 2025?",crypto,,,,,false,,active,polymarket,2025-12-29 01:40:38.679731,What price will Bitcoin hit in 2025?,"['Crypto', 'Crypto Prices', 'Bitcoin', 'Hit Price', 'Yearly']","[""Yes"", ""No""]",0,0.0
516865,0xe84b1fdc087f4153ebf15cfc07f065dd5a66f3caf370b4547ea8e02100be95be,"Will Bitcoin reach $130,000 by December 31, 2025?",crypto,,,,,false,,active,polymarket,2025-12-29 01:40:38.679736,What price will Bitcoin hit in 2025?,"['Crypto', 'Crypto Prices', 'Bitcoin', 'Hit Price', 'Yearly']","[""Yes"", ""No""]",0,0.0
516866,0x806963fb1a01b90ba87711a2f996ba125c934ed3c5a1e39e0836c94af69120ef,"Will Bitcoin reach $120,000 by December 31, 2025?",crypto,,,,,true,,inactive,polymarket,2025-12-29 01:40:38.679789,What price will Bitcoin hit in 2025?,"['Crypto', 'Crypto Prices', 'Bitcoin', 'Hit Price', 'Yearly']","[""Yes"", ""No""]",0,0.0
516867,0x63e3c9432d9e3a0e9665d1152fc0a05f6ed17c9033eb9290062d25d2afb2bed5,"Will Bitcoin reach $110,000 by December 31, 2025?",crypto,,,,,true,,active,polymarket,2025-12-29 01:40:38.679791,What price will Bitcoin hit in 2025?,"['Crypto', 'Crypto Prices', 'Bitcoin', 'Hit Price', 'Yearly']","[""Yes"", ""No""]",0,0.0
516871,0x0aeb566c973d193ef7f77d2532ba6bffe4f76d5f6b7c5422ceaa966536b7ef90,"Will Bitcoin dip to $70,000 by December 31, 2025?",crypto,,,,,false,,active,polymarket,2025-12-29 01:40:38.679744,What price will Bitcoin hit in 2025?,"['Crypto', 'Crypto Prices', 'Bitcoin', 'Hit Price', 'Yearly']","[""Yes"", ""No""]",0,0.0
516872,0x5e8e585d855c4288c3805064e74fc7ea1dab47dc0e9b42a0dbd9ca5f49c997f9,"Will Bitcoin dip to $50,000 by December 31, 2025?",crypto,,,,,false,,active,polymarket,2025-12-29 01:40:38.679768,What price will Bitcoin hit in 2025?,"['Crypto', 'Crypto Prices', 'Bitcoin', 'Hit Price', 'Yearly']","[""Yes"", ""No""]",0,0.0
516873,0x86f01fcc4fa9ca9871189d8f4a1121bb31784c889d78f82e2f6de32381e3d894,"Will Bitcoin dip to $20,000 by December 31, 2025?",crypto,,,,,false,,active,polymarket,2025-12-29 01:40:38.679773,What price will Bitcoin hit in 2025?,"['Crypto', 'Crypto Prices', 'Bitcoin', 'Hit Price', 'Yearly']","[""Yes"", ""No""]",0,0.0
516874,0x3d0a731ba69f087ccde2a2287ffc5fda1f8228a133711a068c96dbe428f5d30f,"Will Ethereum hit $10,000 by December 31?",crypto,,,,,false,,active,polymarket,2025-12-29 01:40:38.679741,What price will Ethereum hit in 2025?,"['Crypto', 'Crypto Prices', 'Ethereum', 'Hit Price', 'Yearly']","[""Yes"", ""No""]",0,0.0
516875,0xc969cb252af1842b5de6a3edd0557835e7a6a7e737cae320b6bae6faccf35715,"Will Ethereum hit $8,000 by December 31?",crypto,,,,,false,,active,polymarket,2025-12-29 01:40:38.679757,What price will Ethereum hit in 2025?,"['Crypto', 'Crypto Prices', 'Ethereum', 'Hit Price', 'Yearly']","[""Yes"", ""No""]",0,0.0
516876,0xb7f9d3f61910ecf7a5e6e46f487a039e91a92b68585f05ec9b22cb34d3804bbd,"Will Ethereum hit $7,000 by December 31?",crypto,,,,,false,,active,polymarket,2025-12-29 01:40:38.679749,What price will Ethereum hit in 2025?,"['Crypto', 'Crypto Prices', 'Ethereum', 'Hit Price', 'Yearly']","[""Yes"", ""No""]",0,0.0
516877,0x9c08beafa73308625ad24e270e44d9edd634585f2424eea8df262a05a2337613,"Will Ethereum hit $6,000 by December 31?",crypto,,,,,false,,active,polymarket,2025-12-29 01:40:38.679740,What price will Ethereum hit in 2025?,"['Crypto', 'Crypto Prices', 'Ethereum', 'Hit Price', 'Yearly']","[""Yes"", ""No""]",0,0.0
516878,0xeeb92ddd77d671d1f9ea1f5727208d1fa91896a6d1f657fdcd7c9d578fe5c46c,"Will Ethereum hit $5,000 by December 31?",crypto,,,,,false,,active,polymarket,2025-12-29 01:40:38.679730,What price will Ethereum hit in 2025?,"['Crypto', 'Crypto Prices', 'Ethereum', 'Hit Price', 'Yearly']","[""Yes"", ""No""]",0,0.0
516879,0x8d56032a70551b17890cf2b31d3ecbfae25e40a6ca48d60165bd0869b67ca74d,"Will Ethereum hit $4,000 by December 31?",crypto,,,,,true,,active,polymarket,2025-12-29 01:40:38.679775,What price will Ethereum hit in 2025?,"['Crypto', 'Crypto Prices', 'Ethereum', 'Hit Price', 'Yearly']","[""Yes"", ""No""]",0,0.0
516884,0x15e731302e61491cc8aafbcfb77febb1fdd58ea1525737a01f5e763d29e4588e,"Will Ethereum dip to $1,000 by December 31?",crypto,,,,,false,,active,polymarket,2025-12-29 01:40:38.679783,What price will Ethereum hit in 2025?,"['Crypto', 'Crypto Prices', 'Ethereum', 'Hit Price', 'Yearly']","[""Yes"", ""No""]",0,0.0
516937,0x80026f98f9de40aea8dba02798c4f0067942bba401fa3715209ee7c27482640b,US national Bitcoin reserve in 2025?,crypto,,,,,false,,active,polymarket,2025-12-29 01:40:38.679762,US national Bitcoin reserve in 2025?,"['Bitcoin', 'Crypto Summit', 'U.S. Politics', 'Politics', 'Crypto', 'Finance', '2025 Predictions', 'Economic Policy', 'Crypto Policy', 'Featured']","[""Yes"", ""No""]",0,0.0
516947,0xafc235557ace53ff0b0d2e93392314a7c3f3daab26a79050e985c11282f66df7,Maduro out in 2025?,politics,,,,,false,,active,polymarket,2025-12-29 01:40:38.679449,Maduro out by...?,"['Venezuela', 'Politics', '2025 Predictions', 'World']","[""Yes"", ""No""]",0,0.0
520630,0xcb1531b00e984865530f13e4ce35bcbc7d71615af98827b5e9aee2ca2984b626,Will China invade Taiwan in 2025?,politics,,,,,false,,active,polymarket,2025-12-29 01:40:38.679494,Will China invade Taiwan in 2025?,"['Politics', 'Geopolitics', 'China', 'World', 'Foreign Policy']","[""Yes"", ""No""]",0,0.0
520930,0x01d5f475cb30704216ae9906d369c0b2991cafec882ab4888a66ff11eb03e569,Jerome Powell out as Fed Chair in 2025?,politics,,,,,false,,active,polymarket,2025-12-29 01:40:38.679496,Jerome Powell out as Fed Chair in 2025?,"['Fed Rates', 'Politics', 'Trump Presidency', 'U.S. Politics', 'Trump', 'MAGA', 'Economic Policy', 'Jerome Powell', 'Fed']","[""Yes"", ""No""]",0,0.0
527828,0x54416d15d2428ec5fb1e6f2e646f0fd570f367be80d9dd285c479c8e9ce238a6,Solana all time high before 2026?,crypto,,,,,false,,active,polymarket,2025-12-29 01:40:38.679781,Solana all time high before 2026?,"['Solana', 'sol', 'ATH', 'Crypto', 'Crypto Prices', 'Hit Price']","[""Yes"", ""No""]",0,0.0
540206,0xc319ae3e39f6a0b441fd02d37058ee8af4133967a205c88c9243972deceddbee,Will the Arizona Cardinals win Super Bowl 2026?,sports,,,,,true,,active,polymarket,2025-12-29 01:40:38.679598,Super Bowl Champion 2026,"['Sports', 'NFL', 'Cowboys vs Eagles']","[""Yes"", ""No""]",0,0.0
540207,0x6167c4ce9a850c0b5fa34f375a2d9cecfff94ce2c81c9f15ae962d40d0a1230b,Will the Atlanta Falcons win Super Bowl 2026?,sports,,,,,true,,active,polymarket,2025-12-29 01:40:38.679621,Super Bowl Champion 2026,"['Sports', 'NFL', 'Cowboys vs Eagles']","[""Yes"", ""No""]",0,0.0
540209,0x39d45b454dcf932767962ad9cbd858c5a6ec21d4d48318a484775b2e83264467,Will the Buffalo Bills win Super Bowl 2026?,sports,,,,,false,,active,polymarket,2025-12-29 01:40:38.679697,Super Bowl Champion 2026,"['Sports', 'NFL', 'Cowboys vs Eagles']","[""Yes"", ""No""]",0,0.0
540210,0xb232c915770ea41eb3ec3dbb2c7209c727759237383850f51045be7ffa3975e5,Will the Carolina Panthers win Super Bowl 2026?,sports,,,,,false,,active,polymarket,2025-12-29 01:40:38.679591,Super Bowl Champion 2026,"['Sports', 'NFL', 'Cowboys vs Eagles']","[""Yes"", ""No""]",0,0.0
540211,0xeac63aba0e4483cad2138aa41401e30363f50c8b583476a774cc895fa4a51d0f,Will the Chicago Bears win Super Bowl 2026?,sports,,,,,false,,active,polymarket,2025-12-29 01:40:38.679641,Super Bowl Champion 2026,"['Sports', 'NFL', 'Cowboys vs Eagles']","[""Yes"", ""No""]",0,0.0
540212,0x580ffec1f7b057910f9f596c80d203870f3028b04784a982d158d3581514299e,Will the Cincinnati Bengals win Super Bowl 2026?,sports,,,,,true,,active,polymarket,2025-12-29 01:40:38.679600,Super Bowl Champion 2026,"['Sports', 'NFL', 'Cowboys vs Eagles']","[""Yes"", ""No""]",0,0.0
540213,0x8f0f5125028c535d93f548225a4a2479a03793a49705973c763423aa43bdc59d,Will the Cleveland Browns win Super Bowl 2026?,sports,,,,,true,,active,polymarket,2025-12-29 01:40:38.679593,Super Bowl Champion 2026,"['Sports', 'NFL', 'Cowboys vs Eagles']","[""Yes"", ""No""]",0,0.0
540214,0x35d1166c39f0b0684780ed50d174fd104221104ba13a81f6c7ac5d264d73f441,Will the Dallas Cowboys win Super Bowl 2026?,sports,,,,,true,,active,polymarket,2025-12-29 01:40:38.679610,Super Bowl Champion 2026,"['Sports', 'NFL', 'Cowboys vs Eagles']","[""Yes"", ""No""]",0,0.0
540215,0xa6468d69ef786a8ae325f9a7bda944fbea3984f3d8c6617ca321c804961999f9,Will the Denver Broncos win Super Bowl 2026?,sports,,,,,false,,active,polymarket,2025-12-29 01:40:38.679702,Super Bowl Champion 2026,"['Sports', 'NFL', 'Cowboys vs Eagles']","[""Yes"", ""No""]",0,0.0
540218,0xef0b57daa506121cbeccb8f0e42de439dc2b64b38eab4a2fa6fc1e06255ac4bd,Will the Houston Texans win Super Bowl 2026?,sports,,,,,false,,active,polymarket,2025-12-29 01:40:38.679665,Super Bowl Champion 2026,"['Sports', 'NFL', 'Cowboys vs Eagles']","[""Yes"", ""No""]",0,0.0
540219,0xfdb1bd342b9e2ade01add3bac20cbdd38d377de978b0396c4f3ed47a4c6d89d6,Will the Indianapolis Colts win Super Bowl 2026?,sports,,,,,true,,active,polymarket,2025-12-29 01:40:38.679643,Super Bowl Champion 2026,"['Sports', 'NFL', 'Cowboys vs Eagles']","[""Yes"", ""No""]",0,0.0
540220,0x0982d83a9ec2e63a62af868d4e014e8d7eb6ca3cbbdf769b2454038c5b056cd3,Will the Jacksonville Jaguars win Super Bowl 2026?,sports,,,,,false,,active,polymarket,2025-12-29 01:40:38.679656,Super Bowl Champion 2026,"['Sports', 'NFL', 'Cowboys vs Eagles']","[""Yes"", ""No""]",0,0.0
540221,0x1d395b8dea9dd429fbce85f8b8cbd5aa85ec8a2e8980755756be3eec03da5b9a,Will the Kansas City Chiefs win Super Bowl 2026?,sports,,,,,true,,active,polymarket,2025-12-29 01:40:38.679696,Super Bowl Champion 2026,"['Sports', 'NFL', 'Cowboys vs Eagles']","[""Yes"", ""No""]",0,0.0
540222,0xd28f9dfab98d6b2a8a22d8ff7e8d109678fc8275710be17c96825301efce4a69,Will the Las Vegas Raiders win Super Bowl 2026?,sports,,,,,true,,active,polymarket,2025-12-29 01:40:38.679595,Super Bowl Champion 2026,"['Sports', 'NFL', 'Cowboys vs Eagles']","[""Yes"", ""No""]",0,0.0
540224,0x2b57ed983eb34b5e081fc8dcc1372d688963fd4d9c9018b8d2ba36867b26b236,Will the Los Angeles Rams win Super Bowl 2026?,sports,,,,,false,,active,polymarket,2025-12-29 01:40:38.679691,Super Bowl Champion 2026,"['Sports', 'NFL', 'Cowboys vs Eagles']","[""Yes"", ""No""]",0,0.0
540225,0xb222caecba4942b88a87adc145f1c27eb822e6fa2d238731e66074c89125f31e,Will the Miami Dolphins win Super Bowl 2026?,sports,,,,,true,,active,polymarket,2025-12-29 01:40:38.679588,Super Bowl Champion 2026,"['Sports', 'NFL', 'Cowboys vs Eagles']","[""Yes"", ""No""]",0,0.0
540226,0x4ffe8ecfc2c7729f380663ca4f50f3985bb7e7f9c65da35fefc4889d81918a73,Will the Minnesota Vikings win Super Bowl 2026?,sports,,,,,true,,active,polymarket,2025-12-29 01:40:38.679616,Super Bowl Champion 2026,"['Sports', 'NFL', 'Cowboys vs Eagles']","[""Yes"", ""No""]",0,0.0
540227,0xc914317b14972d5d15f30740d3bdf32f4028877c13b9d7ccc78b4ba33f67fb1e,Will the New England Patriots win Super Bowl 2026?,sports,,,,,false,,active,polymarket,2025-12-29 01:40:38.679631,Super Bowl Champion 2026,"['Sports', 'NFL', 'Cowboys vs Eagles']","[""Yes"", ""No""]",0,0.0
540228,0x184228c1bfc9502d38f6f9984667f3da7b2f955616f195a3ba28b51fb0539bfe,Will the New Orleans Saints win Super Bowl 2026?,sports,,,,,true,,active,polymarket,2025-12-29 01:40:38.679596,Super Bowl Champion 2026,"['Sports', 'NFL', 'Cowboys vs Eagles']","[""Yes"", ""No""]",0,0.0
540229,0xf9915c09cfdb45b8ba1335620c1da05d12913ad1d43bbb15832a93609212c27e,Will the New York Giants win Super Bowl 2026?,sports,,,,,true,,active,polymarket,2025-12-29 01:40:38.679601,Super Bowl Champion 2026,"['Sports', 'NFL', 'Cowboys vs Eagles']","[""Yes"", ""No""]",0,0.0
540230,0xd8d889f4c49f58d98538d08182a07c27206f0e98f9f0a125eda3abf94305c8f7,Will the New York Jets win Super Bowl 2026?,sports,,,,,true,,active,polymarket,2025-12-29 01:40:38.679590,Super Bowl Champion 2026,"['Sports', 'NFL', 'Cowboys vs Eagles']","[""Yes"", ""No""]",0,0.0
540232,0x27a0fb5988bee5caefea21c6bc84c8d30f742ae6fbccdc4034e3bb9141ee9c98,Will the Pittsburgh Steelers win Super Bowl 2026?,sports,,,,,false,,active,polymarket,2025-12-29 01:40:38.679676,Super Bowl Champion 2026,"['Sports', 'NFL', 'Cowboys vs Eagles']","[""Yes"", ""No""]",0,0.0
540233,0x29635b9089e6c26fdb8ac7eb57bfe2ce1e97ebea54ed4b950ba1524e3cc31c8c,Will the San Francisco 49ers win Super Bowl 2026?,sports,,,,,false,,active,polymarket,2025-12-29 01:40:38.679704,Super Bowl Champion 2026,"['Sports', 'NFL', 'Cowboys vs Eagles']","[""Yes"", ""No""]",0,0.0
540234,0xa0eafdfa7da17483796f77f4b287d28834ab97db4a9a6e999b52c1ba239bc2f3,Will the Seattle Seahawks win Super Bowl 2026?,sports,,,,,false,,active,polymarket,2025-12-29 01:40:38.679681,Super Bowl Champion 2026,"['Sports', 'NFL', 'Cowboys vs Eagles']","[""Yes"", ""No""]",0,0.0
540235,0x9a76ce64d7da9eac3f42aa09b1d25eb610ccc16eaf4849493b3d1698fb79ba57,Will the Tampa Bay Buccaneers win Super Bowl 2026?,sports,,,,,false,,active,polymarket,2025-12-29 01:40:38.679673,Super Bowl Champion 2026,"['Sports', 'NFL', 'Cowboys vs Eagles']","[""Yes"", ""No""]",0,0.0
540236,0xf2d034812c1e871421eb6ca9afd30f2a03f0494fc910cc4cabc4515685b610cb,Will the Tennessee Titans win Super Bowl 2026?,sports,,,,,true,,active,polymarket,2025-12-29 01:40:38.679586,Super Bowl Champion 2026,"['Sports', 'NFL', 'Cowboys vs Eagles']","[""Yes"", ""No""]",0,0.0
540237,0x8bf53bab21d7dfcd8f6c311c6f78d41678475e9184b6f16f5bbd5a9da3b1508b,Will the Washington Commanders win Super Bowl 2026?,sports,,,,,true,,active,polymarket,2025-12-29 01:40:38.679633,Super Bowl Champion 2026,"['Sports', 'NFL', 'Cowboys vs Eagles']","[""Yes"", ""No""]",0,0.0
551963,0xf2ce8d3897ac5009a131637d3575f1f91c579bd08eecce6ae2b2da0f32bbe6f1,Xi Jinping out in 2025?,politics,,,,,false,,active,polymarket,2025-12-29 01:40:38.679439,Xi Jinping out in 2025?,"['Geopolitics', 'world affairs', 'World']","[""Yes"", ""No""]",0,0.0
553874,0xc094fd60c0a09ba0df48a086ef91e12390fa8777fcd9cb63c154e9622cb1d497,Will the Memphis Grizzlies win the 2026 NBA Finals?,sports,,,,,false,,active,polymarket,2025-12-29 01:40:38.679618,2026 NBA Champion,"['Sports', 'NBA', 'NBA Finals', 'Basketball', 'NBA Champion']","[""Yes"", ""No""]",0,0.0
553875,0xe709dcb12986139fa5b4cc793069d0c64bde1bfb351914c95bdd6149ec91a3ee,Will the New Orleans Pelicans win the 2026 NBA Finals?,sports,,,,,false,,active,polymarket,2025-12-29 01:40:38.679661,2026 NBA Champion,"['Sports', 'NBA', 'NBA Finals', 'Basketball', 'NBA Champion']","[""Yes"", ""No""]",0,0.0
553877,0xa49fc89bfb87bb302bfc43567709850565161bdaed5bc506bff4b85fd3c5c2ee,Will the Phoenix Suns win the 2026 NBA Finals?,sports,,,,,false,,active,polymarket,2025-12-29 01:40:38.679689,2026 NBA Champion,"['Sports', 'NBA', 'NBA Finals', 'Basketball', 'NBA Champion']","[""Yes"", ""No""]",0,0.0
553878,0xf374fb58698bccedf29399f9f5548a70370a11c0fece34f2570fb9b3885e8e5a,Will the Chicago Bulls win the 2026 NBA Finals?,sports,,,,,false,,active,polymarket,2025-12-29 01:40:38.679608,2026 NBA Champion,"['Sports', 'NBA', 'NBA Finals', 'Basketball', 'NBA Champion']","[""Yes"", ""No""]",0,0.0
553879,0x6331a779482df72d904c3c1e12b6409ff836bc06f8c97945cba9b25ada2c605c,Will the Portland Trail Blazers win the 2026 NBA Finals?,sports,,,,,false,,active,polymarket,2025-12-29 01:40:38.679683,2026 NBA Champion,"['Sports', 'NBA', 'NBA Finals', 'Basketball', 'NBA Champion']","[""Yes"", ""No""]",0,0.0
553880,0x314ec5fd53735e23cadc475161e37b1529984d97097c0fdf417941c44b6b274e,Will the Brooklyn Nets win the 2026 NBA Finals?,sports,,,,,false,,active,polymarket,2025-12-29 01:40:38.679635,2026 NBA Champion,"['Sports', 'NBA', 'NBA Finals', 'Basketball', 'NBA Champion']","[""Yes"", ""No""]",0,0.0
553882,0xc58cfb7397c4f3f803f5c20135cafa7f6d2c87cf3bb1e6138042b95d828e1866,Will the Charlotte Hornets win the 2026 NBA Finals?,sports,,,,,false,,active,polymarket,2025-12-29 01:40:38.679640,2026 NBA Champion,"['Sports', 'NBA', 'NBA Finals', 'Basketball', 'NBA Champion']","[""Yes"", ""No""]",0,0.0
553883,0x298157e618b5729dafd742eec9b21e040a13da0bb09ff1fa4492360c347e3824,Will the Utah Jazz win the 2026 NBA Finals?,sports,,,,,false,,active,polymarket,2025-12-29 01:40:38.679638,2026 NBA Champion,"['Sports', 'NBA', 'NBA Finals', 'Basketball', 'NBA Champion']","[""Yes"", ""No""]",0,0.0
553884,0xbc2d59e8ea0378f0851c86e84d250e80a5698874db52c13798053841f291dc28,Will the Sacramento Kings win the 2026 NBA Finals?,sports,,,,,false,,active,polymarket,2025-12-29 01:40:38.679653,2026 NBA Champion,"['Sports', 'NBA', 'NBA Finals', 'Basketball', 'NBA Champion']","[""Yes"", ""No""]",0,0.0
553885,0x30a8ed0d01b7e8b25334358f71d9ec71c147783c0f908c2e7c7a527905007bf8,Will the Washington Wizards win the 2026 NBA Finals?,sports,,,,,false,,active,polymarket,2025-12-29 01:40:38.679636,2026 NBA Champion,"['Sports', 'NBA', 'NBA Finals', 'Basketball', 'NBA Champion']","[""Yes"", ""No""]",0,0.0
556033,0xea1f601faf600380da04e1ce3d46fc4c7dfea5e6247550b2b513761cb40f0a9f,Lighter market cap (FDV) >$2B one day after launch?,crypto,,,,,false,,active,polymarket,2025-12-29 01:40:38.679738,Lighter market cap (FDV) one day after launch?,"['Featured', 'Crypto', 'Airdrops', 'Pre-Market', 'Lighter']","[""Yes"", ""No""]",0,0.0
556034,0x2d653b2987ba4a2ab6858d39aab560651a868b15f41322153caa28fe21dc29d7,Lighter market cap (FDV) >$6B one day after launch?,crypto,,,,,false,,active,polymarket,2025-12-29 01:40:38.679778,Lighter market cap (FDV) one day after launch?,"['Featured', 'Crypto', 'Airdrops', 'Pre-Market', 'Lighter']","[""Yes"", ""No""]",0,0.0
556062,0xfc6260666d020a912a87d9000eff5116d2adfb8c30aba543427a4c1f1411f1a0,MegaETH market cap (FDV) >$2B one day after launch?,crypto,,,,,false,,active,polymarket,2025-12-29 01:40:38.679776,MegaETH market cap (FDV) one day after launch?,"['Airdrops', 'Featured', 'Crypto', 'MegaETH', 'Pre-Market']","[""Yes"", ""No""]",0,0.0
556077,0x9d1e122ce82f7acd66088e2e6216ca732b38fee26cee312156e854f975c28776,Will lighter perform an airdrop by December 31? ,crypto,,,,,false,,active,polymarket,2025-12-29 01:40:38.679735,Lighter airdrop by...?,"['Lighter', 'Airdrops', 'Crypto', 'Pre-Market']","[""Yes"", ""No""]",0,0.0
556122,0x9d309397ac041ab49115413f4a3fa42345109c82fb0607590a21f8279ec22179,Will Hyperliquid hit $100 in 2025?,crypto,,,,,false,,active,polymarket,2025-12-29 01:40:38.679780,What price will Hyperliquid hit before 2026?,"['Crypto Prices', 'Hit Price', 'Crypto', 'hyperliquid', 'Yearly']","[""Yes"", ""No""]",0,0.0
558957,0x9e5f9d8c384f8fe368b195fa9a780be58643dff7360588a4e577012df8af00a7,Will New Zealand win the 2026 FIFA World Cup?,sports,,,,,false,,active,polymarket,2025-12-29 01:40:38.679699,2026 FIFA World Cup Winner ,"['Soccer', 'Sports', 'FIFA World Cup', '2026 FIFA World Cup', 'Hide From New']","[""Yes"", ""No""]",0,0.0
558960,0x965ebc5d79eb1ec02cad67245a44b9e45b33359018f013fb6cf81d5bbf7bcc8d,Will Uzbekistan win the 2026 FIFA World Cup?,sports,,,,,false,,active,polymarket,2025-12-29 01:40:38.679693,2026 FIFA World Cup Winner ,"['Soccer', 'Sports', 'FIFA World Cup', '2026 FIFA World Cup', 'Hide From New']","[""Yes"", ""No""]",0,0.0
558978,0xdb4b2f370c3d0e996fbb32213c87aa5402936e3d4882432b6738e2f5661b79a6,Will Curaçao win the 2026 FIFA World Cup?,sports,,,,,false,,active,polymarket,2025-12-29 01:40:38.679684,2026 FIFA World Cup Winner ,"['Soccer', 'Sports', 'FIFA World Cup', '2026 FIFA World Cup', 'Hide From New']","[""Yes"", ""No""]",0,0.0
559664,0xdce84960dce38aa4a5800a5eba7c9ac34d2ce49ba9d44c42572c472d468af264,Will Raphael Warnock win the 2028 Democratic presidential nomination?,politics,,,,,false,,active,polymarket,2025-12-29 01:40:38.679518,Democratic Presidential Nominee 2028,"['World Elections', 'Global Elections', 'Elections', 'Politics', 'US Election', 'Earn 4%', 'Primaries']","[""Yes"", ""No""]",0,0.0
559666,0x3265b10daeb30dbcc3214bd02e488551d0a5d3028392f4152e4750b943fbfc91,Will Tim Walz win the 2028 Democratic presidential nomination?,politics,,,,,false,,active,polymarket,2025-12-29 01:40:38.679487,Democratic Presidential Nominee 2028,"['World Elections', 'Global Elections', 'Elections', 'Politics', 'US Election', 'Earn 4%', 'Primaries']","[""Yes"", ""No""]",0,0.0
559670,0xcb239105ed21a2420ba4d85090b9bc32755c56601ffdc528afd17fd6282fe930,Will Gina Raimondo win the 2028 Democratic presidential nomination?,politics,,,,,false,,active,polymarket,2025-12-29 01:40:38.679511,Democratic Presidential Nominee 2028,"['World Elections', 'Global Elections', 'Elections', 'Politics', 'US Election', 'Earn 4%', 'Primaries']","[""Yes"", ""No""]",0,0.0
559671,0x3535fb2f4aef6619dde8b367cb5e5d209526bb496d5d9778428c58a0252435e3,Will Zohran Mamdani win the 2028 Democratic presidential nomination?,politics,,,,,false,,active,polymarket,2025-12-29 01:40:38.679465,Democratic Presidential Nominee 2028,"['World Elections', 'Global Elections', 'Elections', 'Politics', 'US Election', 'Earn 4%', 'Primaries']","[""Yes"", ""No""]",0,0.0
559672,0x939eeb2dea216749bd409bedde483c3f2bfb0e24d4f2d34461c0b21c6e91f010,Will Roy Cooper win the 2028 Democratic presidential nomination?,politics,,,,,false,,active,polymarket,2025-12-29 01:40:38.679503,Democratic Presidential Nominee 2028,"['World Elections', 'Global Elections', 'Elections', 'Politics', 'US Election', 'Earn 4%', 'Primaries']","[""Yes"", ""No""]",0,0.0
559676,0x88d67705780a3d922317ecb0c78a947a306174d0510df2ae89394d5abfb28206,Will Barack Obama win the 2028 Democratic presidential nomination?,politics,,,,,false,,active,polymarket,2025-12-29 01:40:38.679491,Democratic Presidential Nominee 2028,"['World Elections', 'Global Elections', 'Elections', 'Politics', 'US Election', 'Earn 4%', 'Primaries']","[""Yes"", ""No""]",0,0.0
559677,0x663b88d3a8f2341bb8d878709dc78632bcaf7512e577bd15521e5d8ed933efbc,Will Hillary Clinton win the 2028 Democratic presidential nomination?,politics,,,,,false,,active,polymarket,2025-12-29 01:40:38.679467,Democratic Presidential Nominee 2028,"['World Elections', 'Global Elections', 'Elections', 'Politics', 'US Election', 'Earn 4%', 'Primaries']","[""Yes"", ""No""]",0,0.0
559678,0x46dbd48d6bde5b81edb480e0f676a2cdda6c6b592c4d86a9367c7ad5a9870195,Will Liz Cheney win the 2028 Democratic presidential nomination?,politics,,,,,false,,active,polymarket,2025-12-29 01:40:38.679470,Democratic Presidential Nominee 2028,"['World Elections', 'Global Elections', 'Elections', 'Politics', 'US Election', 'Earn 4%', 'Primaries']","[""Yes"", ""No""]",0,0.0
559679,0x30cfb887558b20373a984da60c372fe5a90c0296aa6d8bb413a8aa7543846da2,Will Bernie Sanders win the 2028 Democratic presidential nomination?,politics,,,,,false,,active,polymarket,2025-12-29 01:40:38.679476,Democratic Presidential Nominee 2028,"['World Elections', 'Global Elections', 'Elections', 'Politics', 'US Election', 'Earn 4%', 'Primaries']","[""Yes"", ""No""]",0,0.0
559680,0x29283b56d3eec6d1d89fff51793d9d2e01579d2379b1d3e9ebda175d3561e809,Will Phil Murphy win the 2028 Democratic presidential nomination?,politics,,,,,false,,active,polymarket,2025-12-29 01:40:38.679454,Democratic Presidential Nominee 2028,"['World Elections', 'Global Elections', 'Elections', 'Politics', 'US Election', 'Earn 4%', 'Primaries']","[""Yes"", ""No""]",0,0.0
559681,0x8b203037c7c0e21b500314f8398d2a8ea294b7ce1f4f9185f426425a3505bc45,Will LeBron James win the 2028 Democratic presidential nomination?,politics,,,,,false,,active,polymarket,2025-12-29 01:40:38.679461,Democratic Presidential Nominee 2028,"['World Elections', 'Global Elections', 'Elections', 'Politics', 'US Election', 'Earn 4%', 'Primaries']","[""Yes"", ""No""]",0,0.0
559682,0x1945a8b23e313ed7423b6b6fd556f9ab5578900376b565a61dc480a5f4f35d21,Will Hunter Biden win the 2028 Democratic presidential nomination?,politics,,,,,false,,active,polymarket,2025-12-29 01:40:38.679474,Democratic Presidential Nominee 2028,"['World Elections', 'Global Elections', 'Elections', 'Politics', 'US Election', 'Earn 4%', 'Primaries']","[""Yes"", ""No""]",0,0.0
559683,0x822e61527476cabf98927e3aad385c5ecdae7086f945535f2c1fd9ae8dbfa46e,Will George Clooney win the 2028 Democratic presidential nomination?,politics,,,,,false,,active,polymarket,2025-12-29 01:40:38.679463,Democratic Presidential Nominee 2028,"['World Elections', 'Global Elections', 'Elections', 'Politics', 'US Election', 'Earn 4%', 'Primaries']","[""Yes"", ""No""]",0,0.0
559684,0xf2e51acfbb6d0414dc2ace81b7dc2af7c165e443dcb91f6caa7aab6d6ab4f06d,Will Chelsea Clinton win the 2028 Democratic presidential nomination?,politics,,,,,false,,active,polymarket,2025-12-29 01:40:38.679451,Democratic Presidential Nominee 2028,"['World Elections', 'Global Elections', 'Elections', 'Politics', 'US Election', 'Earn 4%', 'Primaries']","[""Yes"", ""No""]",0,0.0
559685,0xc44edcfdedb422bae8ff1803e2178d1ee025fc41efd81400ccbede709e018841,Will MrBeast win the 2028 Democratic presidential nomination?,politics,,,,,false,,active,polymarket,2025-12-29 01:40:38.679456,Democratic Presidential Nominee 2028,"['World Elections', 'Global Elections', 'Elections', 'Politics', 'US Election', 'Earn 4%', 'Primaries']","[""Yes"", ""No""]",0,0.0
559687,0xe06a7e94cf2fa8dc2085b7610fe16e9be1cde6654f34d365c13da1149b276c61,Will Oprah Winfrey win the 2028 Democratic presidential nomination?,politics,,,,,false,,active,polymarket,2025-12-29 01:40:38.679458,Democratic Presidential Nominee 2028,"['World Elections', 'Global Elections', 'Elections', 'Politics', 'US Election', 'Earn 4%', 'Primaries']","[""Yes"", ""No""]",0,0.0
559688,0x450810ae738a0ff820d3248f2b24937f63fb8c8cf422ed2a915125adb4d9d3c8,Will Andrew Yang win the 2028 Democratic presidential nomination?,politics,,,,,false,,active,polymarket,2025-12-29 01:40:38.679453,Democratic Presidential Nominee 2028,"['World Elections', 'Global Elections', 'Elections', 'Politics', 'US Election', 'Earn 4%', 'Primaries']","[""Yes"", ""No""]",0,0.0
559689,0x8ecd1d15e521b7d1020ad5596cc981c8764e9dcfbc3648f582e1a5138aee7185,Will Beto O’Rourke win the 2028 Democratic presidential nomination?,politics,,,,,false,,active,polymarket,2025-12-29 01:40:38.679472,Democratic Presidential Nominee 2028,"['World Elections', 'Global Elections', 'Elections', 'Politics', 'US Election', 'Earn 4%', 'Primaries']","[""Yes"", ""No""]",0,0.0
559690,0x0f8ef3cc906ba7ba94a44724738df44bdd5f73e59e40c9c8b4ff8569e349643c,Will Kim Kardashian win the 2028 Democratic presidential nomination?,politics,,,,,false,,active,polymarket,2025-12-29 01:40:38.679486,Democratic Presidential Nominee 2028,"['World Elections', 'Global Elections', 'Elections', 'Politics', 'US Election', 'Earn 4%', 'Primaries']","[""Yes"", ""No""]",0,0.0
561240,0x66b906b8205f48a26beb8e553bbb1e7954e87e4f6e1d539823441221d1806e8f,Will Stephen Smith win the 2028 US Presidential Election?,politics,,,,,false,,active,polymarket,2025-12-29 01:40:38.679508,Presidential Election Winner 2028,"['World Elections', 'Global Elections', 'US Election', 'Elections', 'Politics', 'Earn 4%']","[""Yes"", ""No""]",0,0.0
561242,0x8fc141205ebce5adf437bfdf4d0c5ff58ff24293b79c9431991346c208bb48ed,Will Tulsi Gabbard win the 2028 US Presidential Election?,politics,,,,,false,,active,polymarket,2025-12-29 01:40:38.679481,Presidential Election Winner 2028,"['World Elections', 'Global Elections', 'US Election', 'Elections', 'Politics', 'Earn 4%']","[""Yes"", ""No""]",0,0.0
561245,0xe0173375b7eaccb836f7b92d28a9a2d1cc69e54e5a65fae89a5d7e49aadd332e,Will Nikki Haley win the 2028 US Presidential Election?,politics,,,,,false,,active,polymarket,2025-12-29 01:40:38.679516,Presidential Election Winner 2028,"['World Elections', 'Global Elections', 'US Election', 'Elections', 'Politics', 'Earn 4%']","[""Yes"", ""No""]",0,0.0
561247,0xae70ab9bf1c3726fe430a2ba8b517697ae24e0f0ab554b876a5b521153068882,Will Tim Walz win the 2028 US Presidential Election?,politics,,,,,false,,active,polymarket,2025-12-29 01:40:38.679477,Presidential Election Winner 2028,"['World Elections', 'Global Elections', 'US Election', 'Elections', 'Politics', 'Earn 4%']","[""Yes"", ""No""]",0,0.0
561248,0x64396449b471b10b006285fa49dd9a5df535694de7b4c703fdeb0d88d5c4cd33,Will Vivek Ramaswamy win the 2028 US Presidential Election?,politics,,,,,false,,active,polymarket,2025-12-29 01:40:38.679493,Presidential Election Winner 2028,"['World Elections', 'Global Elections', 'US Election', 'Elections', 'Politics', 'Earn 4%']","[""Yes"", ""No""]",0,0.0
561249,0x01dffa7abae7e5d9b7fb44b06d537c5ac932e2ca422ab4b53366672f5e2dc7d6,Will Greg Abbott win the 2028 US Presidential Election?,politics,,,,,false,,active,polymarket,2025-12-29 01:40:38.679479,Presidential Election Winner 2028,"['World Elections', 'Global Elections', 'US Election', 'Elections', 'Politics', 'Earn 4%']","[""Yes"", ""No""]",0,0.0
561250,0x68e3c4e0dd8f82d010060032006fd157401b0bd8e04bd2953ae293e31eb99bf6,Will Elon Musk win the 2028 US Presidential Election?,politics,,,,,false,,active,polymarket,2025-12-29 01:40:38.679501,Presidential Election Winner 2028,"['World Elections', 'Global Elections', 'US Election', 'Elections', 'Politics', 'Earn 4%']","[""Yes"", ""No""]",0,0.0
561251,0x836b850fc838195374862551a36f1c8691d96ff01e58b0a071f0fc1a0e357fb1,Will LeBron James win the 2028 US Presidential Election?,politics,,,,,false,,active,polymarket,2025-12-29 01:40:38.679460,Presidential Election Winner 2028,"['World Elections', 'Global Elections', 'US Election', 'Elections', 'Politics', 'Earn 4%']","[""Yes"", ""No""]",0,0.0
561254,0x7f695758278e6d4d9e63df862afa88d664d3402a3d26e4d32ae05121cdbddba6,Will Kim Kardashian win the 2028 US Presidential Election?,politics,,,,,false,,active,polymarket,2025-12-29 01:40:38.679506,Presidential Election Winner 2028,"['World Elections', 'Global Elections', 'US Election', 'Elections', 'Politics', 'Earn 4%']","[""Yes"", ""No""]",0,0.0
561990,0xfbb80ea5f8fc02ee7df8bd4f58790e1d04b874078a49a7b7028a74a2075100c9,Will Elon Musk win the 2028 Republican presidential nomination?,politics,,,,,false,,active,polymarket,2025-12-29 01:40:38.679526,Republican Presidential Nominee 2028,"['Politics', 'US Election', 'Elections', 'World Elections', 'Global Elections', 'Earn 4%', 'Primaries']","[""Yes"", ""No""]",0,0.0
561992,0x61a1278884fa70d68d4bcaaf72fad55bbdb063cac28c6947472ca91635fab10f,Will Katie Britt win the 2028 Republican presidential nomination?,politics,,,,,false,,active,polymarket,2025-12-29 01:40:38.679525,Republican Presidential Nominee 2028,"['Politics', 'US Election', 'Elections', 'World Elections', 'Global Elections', 'Earn 4%', 'Primaries']","[""Yes"", ""No""]",0,0.0
561993,0x7190eccbd0677d5d0ae8cdf598b37e945a346915c666dda11468dc9970657a56,Will John Thune win the 2028 Republican presidential nomination?,politics,,,,,false,,active,polymarket,2025-12-29 01:40:38.679513,Republican Presidential Nominee 2028,"['Politics', 'US Election', 'Elections', 'World Elections', 'Global Elections', 'Earn 4%', 'Primaries']","[""Yes"", ""No""]",0,0.0
561994,0x5f1b1caf70eb994bfff2986727a05a3ac9f7ec8b0da4017f7732596d023e5a07,Will Kristi Noem win the 2028 Republican presidential nomination?,politics,,,,,false,,active,polymarket,2025-12-29 01:40:38.679514,Republican Presidential Nominee 2028,"['Politics', 'US Election', 'Elections', 'World Elections', 'Global Elections', 'Earn 4%', 'Primaries']","[""Yes"", ""No""]",0,0.0
561995,0x41c6341dd79903aca4bb0c29f5a7976946c3774d2fd72f38cbb7de7092144520,Will Mike Pence win the 2028 Republican presidential nomination?,politics,,,,,false,,active,polymarket,2025-12-29 01:40:38.679499,Republican Presidential Nominee 2028,"['Politics', 'US Election', 'Elections', 'World Elections', 'Global Elections', 'Earn 4%', 'Primaries']","[""Yes"", ""No""]",0,0.0
561999,0xf8dbde8b6e038775a673947e59da2de15a2127272b50b9877400fdbf7cfc3026,Will Tom Brady win the 2028 Republican presidential nomination?,politics,,,,,false,,active,polymarket,2025-12-29 01:40:38.679509,Republican Presidential Nominee 2028,"['Politics', 'US Election', 'Elections', 'World Elections', 'Global Elections', 'Earn 4%', 'Primaries']","[""Yes"", ""No""]",0,0.0
574071,0x93621441f16eda493eace04900e1323e50e0b0a93c83d8f71d9d5ac9e4e77b44,"Will Ethereum hit $14,000 by December 31?",crypto,,,,,false,,active,polymarket,2025-12-29 01:40:38.679765,What price will Ethereum hit in 2025?,"['Crypto', 'Crypto Prices', 'Ethereum', 'Hit Price', 'Yearly']","[""Yes"", ""No""]",0,0.0
574072,0x9322e033c6dc8be6d8495cc44ac578abaa28a8cccdb783de1bff0026066d1d05,"Will Bitcoin reach $140,000 by December 31, 2025?",crypto,,,,,false,,active,polymarket,2025-12-29 01:40:38.679752,What price will Bitcoin hit in 2025?,"['Crypto', 'Crypto Prices', 'Bitcoin', 'Hit Price', 'Yearly']","[""Yes"", ""No""]",0,0.0
574073,0x0c23ad7af38087ab27f94fd35eec62b4f53c0d6edd16bf04d85b7c456dc777de,"Will Bitcoin reach $170,000 by December 31, 2025?",crypto,,,,,false,,active,polymarket,2025-12-29 01:40:38.679748,What price will Bitcoin hit in 2025?,"['Crypto', 'Crypto Prices', 'Bitcoin', 'Hit Price', 'Yearly']","[""Yes"", ""No""]",0,0.0
576410,0xfe8911cbf25e9e359396faf1c0fcd31a9f2a3c3bb35d299e83f1cd200063cf34,"Will Ethereum hit $17,000 by December 31?",crypto,,,,,false,,active,polymarket,2025-12-29 01:40:38.679756,What price will Ethereum hit in 2025?,"['Crypto', 'Crypto Prices', 'Ethereum', 'Hit Price', 'Yearly']","[""Yes"", ""No""]",0,0.0
601577,0xba4493c626ec27930b6c580c956b69580e77c488a84140997180f054230a4553,Lighter market cap (FDV) >$4B one day after launch?,crypto,,,,,false,,active,polymarket,2025-12-29 01:40:38.679764,Lighter market cap (FDV) one day after launch?,"['Featured', 'Crypto', 'Airdrops', 'Pre-Market', 'Lighter']","[""Yes"", ""No""]",0,0.0
619977,0xfb0c98ef42c5c48b5ecca31e555aa0565a31958261e2d6c7b4cb15bbd417cbba,"Will Bitcoin dip to $90,000 by December 31, 2025?",crypto,,,,,true,,active,polymarket,2025-12-29 01:40:38.679786,What price will Bitcoin hit in 2025?,"['Crypto', 'Crypto Prices', 'Bitcoin', 'Hit Price', 'Yearly']","[""Yes"", ""No""]",0,0.0
620015,0xffcbecbfa6983b3cdd5e91d078088beb5738d0c746bcedceb62f7bfed0470af5,"Will Bitcoin dip to $80,000 by December 31, 2025?",crypto,,,,,false,,active,polymarket,2025-12-29 01:40:38.679751,What price will Bitcoin hit in 2025?,"['Crypto', 'Crypto Prices', 'Bitcoin', 'Hit Price', 'Yearly']","[""Yes"", ""No""]",0,0.0
666217,0x22c3ce96a88bf01d0c5e320d029e7f8418c81d5be28f025b6ab07465bb508fb1,"Will Bitcoin reach $120,000 by December 31, 2025?",crypto,,,,,false,,active,polymarket,2025-12-29 01:40:38.679746,What price will Bitcoin hit in 2025?,"['Crypto', 'Crypto Prices', 'Bitcoin', 'Hit Price', 'Yearly']","[""Yes"", ""No""]",0,0.0
666646,0x0e05e0150c23d2c0d616ef70b19e0b6e6590e73c6ea9307f68057ca63f32d10b,Lighter market cap (FDV) >$3B one day after launch?,crypto,,,,,false,,active,polymarket,2025-12-29 01:40:38.679770,Lighter market cap (FDV) one day after launch?,"['Featured', 'Crypto', 'Airdrops', 'Pre-Market', 'Lighter']","[""Yes"", ""No""]",0,0.0
686122,0x478dfc905dd9f44631e7b3a2a76f8aaf5680bc77fd17fe79179664b0ca819a18,Lighter market cap (FDV) >$1B one day after launch?,crypto,,,,,false,,active,polymarket,2025-12-29 01:40:38.679727,Lighter market cap (FDV) one day after launch?,"['Featured', 'Crypto', 'Airdrops', 'Pre-Market', 'Lighter']","[""Yes"", ""No""]",0,0.0
687200,0xd3cfc885ca1a482af4057f39937398fa5adc7a0b61e2381956384af1bf59ce6f,"Will Bitcoin reach $100,000 by December 31, 2025?",crypto,,,,,false,,active,polymarket,2025-12-29 01:40:38.679743,What price will Bitcoin hit in 2025?,"['Crypto', 'Crypto Prices', 'Bitcoin', 'Hit Price', 'Yearly']","[""Yes"", ""No""]",0,0.0
687778,0x9e8440830c8cdccb524700bf0be33f35df2f0278bff7b843f8073235c96da886,"Will Bitcoin reach $110,000 by December 31, 2025?",crypto,,,,,false,,active,polymarket,2025-12-29 01:40:38.679761,What price will Bitcoin hit in 2025?,"['Crypto', 'Crypto Prices', 'Bitcoin', 'Hit Price', 'Yearly']","[""Yes"", ""No""]",0,0.0
799384,0x4fbbb85445aaafada34e5d94c50b787038729a26b8aa995e0f18158e2019d94e,"Will Bitcoin reach $105,000 by December 31, 2025?",crypto,,,,,false,,active,polymarket,2025-12-29 01:40:38.679772,What price will Bitcoin hit in 2025?,"['Crypto', 'Crypto Prices', 'Bitcoin', 'Hit Price', 'Yearly']","[""Yes"", ""No""]",0,0.0
800432,0xe1efac87d70a9556b222624def73e3d7adc7b4513c781867c6c7aa105ff1d9b5,"Will Bitcoin reach $95,000 by December 31, 2025?",crypto,,,,,false,,active,polymarket,2025-12-29 01:40:38.679754,What price will Bitcoin hit in 2025?,"['Crypto', 'Crypto Prices', 'Bitcoin', 'Hit Price', 'Yearly']","[""Yes"", ""No""]",0,0.0
800505,0xc8f19832fd11ad8968e947c4e4fbed6059075efb73f9d1c9133ce6235a291fd0,"Will Bitcoin reach $115,000 by December 31, 2025?",crypto,,,,,false,,active,polymarket,2025-12-29 01:40:38.679784,What price will Bitcoin hit in 2025?,"['Crypto', 'Crypto Prices', 'Bitcoin', 'Hit Price', 'Yearly']","[""Yes"", ""No""]",0,0.0
800789,0x4f20debe0c978a8cfffa20cc3019dd3740c945bb577f12c0d4b8c82c4bf0647f,"Will Bitcoin dip to $75,000 by December 31, 2025?",crypto,,,,,false,,active,polymarket,2025-12-29 01:40:38.679788,What price will Bitcoin hit in 2025?,"['Crypto', 'Crypto Prices', 'Bitcoin', 'Hit Price', 'Yearly']","[""Yes"", ""No""]",0,0.0
574069,0x5d8215ee4f2277a84a4f9fc06768f725093d602e4993d2a7714c123691811bd9,Will Ethereum dip to $800 by December 31?,crypto,,,,,false,,active,polymarket,2025-12-29 01:40:38.679801,What price will Ethereum hit in 2025?,"['Crypto', 'Crypto Prices', 'Ethereum', 'Hit Price', 'Yearly']","[""Yes"", ""No""]",0,0.0
574083,0xc61e59c4dab83b893dd997de5c51e264a2343e0629ed01442af7e3bd677bbaca,Will Solana dip to $70 before 2026?,crypto,,,,,false,,active,polymarket,2025-12-29 01:40:38.728397,What price will Solana hit before 2026?,"['Crypto', 'Recurring', 'Crypto Prices', 'Solana', 'Yearly', 'Hit Price']","[""Yes"", ""No""]",0,0.0
574084,0x3e5f88de6b08e8fe66e57a4c543207e4e88e98a9532efc5f98974acc1983a72d,Will Solana reach $310 before 2026?,crypto,,,,,false,,active,polymarket,2025-12-29 01:40:38.728385,What price will Solana hit before 2026?,"['Crypto', 'Recurring', 'Crypto Prices', 'Solana', 'Yearly', 'Hit Price']","[""Yes"", ""No""]",0,0.0
574582,0xd28d9d8eb3adc030aaca42974d8713e2ab33cd5826bca36ffcaaa2d637d5962f,Will Solana reach $400 before 2026?,crypto,,,,,false,,active,polymarket,2025-12-29 01:40:38.728383,What price will Solana hit before 2026?,"['Crypto', 'Recurring', 'Crypto Prices', 'Solana', 'Yearly', 'Hit Price']","[""Yes"", ""No""]",0,0.0
574583,0x91b035e9f1e7c5df6e7ead5828ee46fccf878ffc030d2c7debe75149753fe079,"Will Bitcoin reach $125,000 by December 31, 2025?",crypto,,,,,true,,active,polymarket,2025-12-29 01:40:38.728377,What price will Bitcoin hit in 2025?,"['Crypto', 'Crypto Prices', 'Bitcoin', 'Hit Price', 'Yearly']","[""Yes"", ""No""]",0,0.0
576411,0x26daeaa0b4e1b014a17a33e54489e1316f93873c69f86e3511fd2c003dc3f3f5,Will Solana reach $500 before 2026?,crypto,,,,,false,,active,polymarket,2025-12-29 01:40:38.728392,What price will Solana hit before 2026?,"['Crypto', 'Recurring', 'Crypto Prices', 'Solana', 'Yearly', 'Hit Price']","[""Yes"", ""No""]",0,0.0
576993,0x36beb06bd304b2f8382e59057f268f850b93a3617cec5ad1daf8c2e87227fff7,Will Solana reach $580 before 2026?,crypto,,,,,false,,active,polymarket,2025-12-29 01:40:38.728357,What price will Solana hit before 2026?,"['Crypto', 'Recurring', 'Crypto Prices', 'Solana', 'Yearly', 'Hit Price']","[""Yes"", ""No""]",0,0.0
579306,0x3d16ed6f91ad7d3ffb1633e792a6b5595cbd30cf8a9f63883ade9e6e97c8bdc8,US x Venezuela military engagement by October 31?,politics,,,,,true,,active,polymarket,2025-12-29 01:40:38.679546,US x Venezuela military engagement by...?,"['World', 'Politics', 'Venezuela', 'Geopolitics']","[""Yes"", ""No""]",0,0.0
581247,0xfae907b4c7d9b39fcd27683e3f9e4bdbbafc24f36765b6240a93b8c94ed206fa,Lisa Cook out as Fed Governor by September 30?,politics,,,,,true,,active,polymarket,2025-12-29 01:40:38.679535,Lisa Cook out as Fed Governor by...?,"['Fed Rates', 'Trump Presidency', 'Politics', 'Fed', 'Trump', 'Finance']","[""Yes"", ""No""]",0,0.0
585593,0xea3c3d537c0495872754400b9ab59755a932d3e2b6115e309d62ed236ee1b612,Trump out as President in 2025?,politics,,,,,false,,active,polymarket,2025-12-29 01:40:38.679576,Trump out as President in 2025?,"['Politics', 'Trump', 'Trump Presidency', 'Epstein']","[""Yes"", ""No""]",0,0.0
587998,0x738e903f9360991df72d0920ec10b570b548b92090446d84d3a96b1dbe88f4b5,Will Hyperliquid hit $70 in 2025?,crypto,,,,,false,,active,polymarket,2025-12-29 01:40:38.679793,What price will Hyperliquid hit before 2026?,"['Crypto Prices', 'Hit Price', 'Crypto', 'hyperliquid', 'Yearly']","[""Yes"", ""No""]",0,0.0
588775,0x62b0cd598091a179147acbd4616400f804acfdff6f76f029944b481b37cbd45f,US x Venezuela military engagement by December 31?,politics,,,,,false,,active,polymarket,2025-12-29 01:40:38.679489,US x Venezuela military engagement by...?,"['World', 'Politics', 'Venezuela', 'Geopolitics']","[""Yes"", ""No""]",0,0.0
598795,0x93b70395fef7d5e345f69d3d1476d7009c15cc4ad3d66fb63c68fd37bba8f760,Ethereum all time high by December 31?,crypto,,,,,false,,active,polymarket,2025-12-29 01:40:38.679794,Ethereum all time high by December 31?,"['Ethereum', 'ATH', 'Crypto Prices', 'Crypto']","[""Yes"", ""No""]",0,0.0
598930,0x03de82c50244e51820f56b682cd2227ce0d35fac94178275811034294a7d1e8b,Will Base launch a token in 2025?,crypto,,,,,false,,active,polymarket,2025-12-29 01:40:38.679767,Will Base launch a token by ___ ?,"['Crypto', 'Pre-Market']","[""Yes"", ""No""]",0,0.0
602893,0x72d20125487e610964c2607401dccfc416cce1aa7c25fd40f30f139975f7cac5,Will Pump.fun hit $0.01 in 2025?,crypto,,,,,false,,active,polymarket,2025-12-29 01:40:38.728399,Will Pump.fun hit $0.01 in 2025?,"['Crypto', 'Hit Price', 'Yearly', 'Crypto Prices']","[""Yes"", ""No""]",0,0.0
604067,0x69288fa222571671b65c976e43b8e01100e527222b9e19b6a2b78998129d1ea3,Will MetaMask launch a token in 2025?,crypto,,,,,false,,active,polymarket,2025-12-29 01:40:38.679759,Will MetaMask launch a token by ___ ?,"['Crypto', 'Pre-Market']","[""Yes"", ""No""]",0,0.0
606843,0x36eb016b1653c866388a0b954567d10413d63e8dc18a8a0be611f0c82004c596,Lighter market cap (FDV) >$8B one day after launch?,crypto,,,,,false,,active,polymarket,2025-12-29 01:40:38.728356,Lighter market cap (FDV) one day after launch?,"['Featured', 'Crypto', 'Airdrops', 'Pre-Market', 'Lighter']","[""Yes"", ""No""]",0,0.0
606844,0x0cf862369990d386700a917891e4b3b2fa41ee143ed2bd95040160858c3dc6bf,Lighter market cap (FDV) >$10B one day after launch?,crypto,,,,,false,,active,polymarket,2025-12-29 01:40:38.728382,Lighter market cap (FDV) one day after launch?,"['Featured', 'Crypto', 'Airdrops', 'Pre-Market', 'Lighter']","[""Yes"", ""No""]",0,0.0
611035,0x49154bc34d811e6fcd2cea769a8690cc55b07f99b9513e404729059e6b2a741f,Lighter market cap (FDV) >$14B one day after launch?,crypto,,,,,false,,active,polymarket,2025-12-29 01:40:38.728395,Lighter market cap (FDV) one day after launch?,"['Featured', 'Crypto', 'Airdrops', 'Pre-Market', 'Lighter']","[""Yes"", ""No""]",0,0.0
620022,0xff7c9119d5e07b73140a6145b2032e7ecf6f0ca59d7ade84834a145a09e1d71f,"Will Ethereum dip to $3,000 by December 31?",crypto,,,,,true,,active,polymarket,2025-12-29 01:40:38.728336,What price will Ethereum hit in 2025?,"['Crypto', 'Crypto Prices', 'Ethereum', 'Hit Price', 'Yearly']","[""Yes"", ""No""]",0,0.0
620029,0x3e0380366133929665ec88a290795aeb2baa80c12ff9fcc45dbaad87a59f8645,Will XRP reach $6.00 before 2026?,crypto,,,,,false,,active,polymarket,2025-12-29 01:40:38.728359,What price will XRP hit before 2026?,"['XRP', 'Crypto', 'Yearly', 'Crypto Prices', 'Ripple', 'Hit Price']","[""Yes"", ""No""]",0,0.0
620947,0xaa368b9b8a22b8fd9338f3e46b4ce5f856233ac5ff45e30557384846279acee7,Hyperliquid all time high by December 31?,crypto,,,,,false,,active,polymarket,2025-12-29 01:40:38.728387,Hyperliquid all time high by December 31?,"['Crypto', 'Crypto Prices', 'ATH']","[""Yes"", ""No""]",0,0.0
620948,0x81bdbfeb9aa17c7ef097559edc77bcc7079a93492ea68d1d77d149c095e58825,Aster all time high by December 31?,crypto,,,,,false,,active,polymarket,2025-12-29 01:40:38.728366,Aster all time high by December 31?,"['Crypto', 'Crypto Prices', 'ATH']","[""Yes"", ""No""]",0,0.0
621018,0xbea5d5174cb5355eaf0f8cee780e67d0b22a6ff614ef7ec82cc2fe6ce8f4b111,US x Venezuela military engagement by November 30?,politics,,,,,true,,active,polymarket,2025-12-29 01:40:38.679520,US x Venezuela military engagement by...?,"['World', 'Politics', 'Venezuela', 'Geopolitics']","[""Yes"", ""No""]",0,0.0
635529,0x87aa0528695acd3266625acb21e282379e8bd15964a729576015542af3b36b17,Will the next Dutch government be PVV + GL/PvdA + VVD + CDA + D66?,politics,,,,,false,,active,polymarket,2025-12-29 01:40:38.679558,Which coalition will form the next Dutch government?,"['Politics', 'World', 'Elections', 'Netherlands', 'Global Elections', 'Dutch Election']","[""Yes"", ""No""]",0,0.0
636111,0xb2abfc4e48334d87681240cd6a7e63c728e13973fbd68951b45bc86d6c4491e4,MegaETH market cap (FDV) >$4B one day after launch?,crypto,,,,,false,,active,polymarket,2025-12-29 01:40:38.728373,MegaETH market cap (FDV) one day after launch?,"['Airdrops', 'Featured', 'Crypto', 'MegaETH', 'Pre-Market']","[""Yes"", ""No""]",0,0.0
638492,0x03ec83b8b1dc87d3c2b1c2c89535a344d859f25fa350801d63d2e1217827215b,Will edgeX launch a token in 2025?,crypto,,,,,false,,active,polymarket,2025-12-29 01:40:38.728378,Will edgeX launch a token in 2025?,"['Crypto', 'Pre-Market']","[""Yes"", ""No""]",0,0.0
639961,0x098837eb19d1e59d27359b4c25c5ad8b5185a585f1d79849598abf1928c6c18f,Will Aztec launch a token in 2025?,crypto,,,,,false,,active,polymarket,2025-12-29 01:40:38.728370,Will Aztec launch a token by ___?,"['Crypto', 'Pre-Market', 'Aztec']","[""Yes"", ""No""]",0,0.0
657287,0x44878f202dd18a286de9235acec372e9e6e6ca2b28d269c4138fc2604c9b78a9,Will MetaMask launch a token by June 30?,crypto,,,,,false,,active,polymarket,2025-12-29 01:40:38.728393,Will MetaMask launch a token by ___ ?,"['Crypto', 'Pre-Market']","[""Yes"", ""No""]",0,0.0
663849,0xa953bea944d7264285c0a2cc1f92809a7d9db78138b1c3de9cc23d8917f14d6a,"Maduro out by November 30, 2025?",politics,,,,,true,,active,polymarket,2025-12-29 01:40:38.679564,Maduro out by...?,"['Venezuela', 'Politics', '2025 Predictions', 'World']","[""Yes"", ""No""]",0,0.0
670234,0x211805aa03ebc98fb636018cb6f8a10bed58892dc9e626da5a6976f0efdbbeaa,"Will Bitcoin dip to $100,000 by December 31, 2025?",crypto,,,,,true,,active,polymarket,2025-12-29 01:40:38.728390,What price will Bitcoin hit in 2025?,"['Crypto', 'Crypto Prices', 'Bitcoin', 'Hit Price', 'Yearly']","[""Yes"", ""No""]",0,0.0
800790,0x03a914dc0a98b109dfbcb6e8f8acfdf46c9a06fc6eac38f842b354983541a9e2,"Will Bitcoin dip to $65,000 by December 31, 2025?",crypto,,,,,false,,active,polymarket,2025-12-29 01:40:38.679805,What price will Bitcoin hit in 2025?,"['Crypto', 'Crypto Prices', 'Bitcoin', 'Hit Price', 'Yearly']","[""Yes"", ""No""]",0,0.0
