id,date,category,total_trades,total_volume,avg_trade_size,retail_trade_share,retail_volume_share,small_trade_share,evening_share,weekend_share,burstiness,flow_score,attention_score,retail_score,retail_level,whale_share,whale_dominated,trade_threshold,trade_threshold_method,markets_covered,quality_markets,confidence_label,confidence_score,created_at
53281,2025-07-04,crypto,0,0.0,,,,,,,,,,,,,False,,,0,72,insufficient,0.0,2025-12-30 20:14:13.882559
53282,2025-07-04,politics,0,0.0,,,,,,,,,,,,,False,,,0,79,insufficient,0.0,2025-12-30 20:14:13.882568
53283,2025-07-04,sports,0,0.0,,,,,,,,,,,,,False,,,0,68,insufficient,0.0,2025-12-30 20:14:13.882569
53284,2025-07-04,all,0,0.0,,,,,,,,,,,,,False,,,0,219,insufficient,0.0,2025-12-30 20:14:13.882570
53285,2025-07-05,crypto,0,0.0,,,,,,,,,,,,,False,,,0,72,insufficient,0.0,2025-12-30 20:14:13.882571
53286,2025-07-05,politics,0,0.0,,,,,,,,,,,,,False,,,0,79,insufficient,0.0,2025-12-30 20:14:13.882572
53287,2025-07-05,sports,0,0.0,,,,,,,,,,,,,False,,,0,68,insufficient,0.0,2025-12-30 20:14:13.882573
53288,2025-07-05,all,0,0.0,,,,,,,,,,,,,False,,,0,219,insufficient,0.0,2025-12-30 20:14:13.882573
53289,2025-07-06,crypto,0,0.0,,,,,,,,,,,,,False,,,0,72,insufficient,0.0,2025-12-30 20:14:13.882574
53290,2025-07-06,politics,0,0.0,,,,,,,,,,,,,False,,,0,79,insufficient,0.0,2025-12-30 20:14:13.882575
53291,2025-07-06,sports,0,0.0,,,,,,,,,,,,,False,,,0,68,insufficient,0.0,2025-12-30 20:14:13.882576
53292,2025-07-06,all,0,0.0,,,,,,,,,,,,,False,,,0,219,insufficient,0.0,2025-12-30 20:14:13.882576
53293,2025-07-07,crypto,0,0.0,,,,,,,,,,,,,False,,,0,72,insufficient,0.0,2025-12-30 20:14:13.882577
53294,2025-07-07,politics,0,0.0,,,,,,,,,,,,,False,,,0,79,insufficient,0.0,2025-12-30 20:14:13.882578
53295,2025-07-07,sports,0,0.0,,,,,,,,,,,,,False,,,0,68,insufficient,0.0,2025-12-30 20:14:13.882579
53296,2025-07-07,all,0,0.0,,,,,,,,,,,,,False,,,0,219,insufficient,0.0,2025-12-30 20:14:13.882579
53297,2025-07-08,crypto,0,0.0,,,,,,,,,,,,,False,,,0,72,insufficient,0.0,2025-12-30 20:14:13.882580
53298,2025-07-08,politics,0,0.0,,,,,,,,,,,,,False,,,0,79,insufficient,0.0,2025-12-30 20:14:13.882581
53299,2025-07-08,sports,0,0.0,,,,,,,,,,,,,False,,,0,68,insufficient,0.0,2025-12-30 20:14:13.882582
53300,2025-07-08,all,0,0.0,,,,,,,,,,,,,False,,,0,219,insufficient,0.0,2025-12-30 20:14:13.882582
53301,2025-07-09,crypto,0,0.0,,,,,,,,,,,,,False,,,0,72,insufficient,0.0,2025-12-30 20:14:13.882583
53302,2025-07-09,politics,0,0.0,,,,,,,,,,,,,False,,,0,79,insufficient,0.0,2025-12-30 20:14:13.882584
53303,2025-07-09,sports,0,0.0,,,,,,,,,,,,,False,,,0,68,insufficient,0.0,2025-12-30 20:14:13.882584
53304,2025-07-09,all,0,0.0,,,,,,,,,,,,,False,,,0,219,insufficient,0.0,2025-12-30 20:14:13.882585
53305,2025-07-10,crypto,0,0.0,,,,,,,,,,,,,False,,,0,72,insufficient,0.0,2025-12-30 20:14:13.882586
53306,2025-07-10,politics,0,0.0,,,,,,,,,,,,,False,,,0,79,insufficient,0.0,2025-12-30 20:14:13.882586
53307,2025-07-10,sports,0,0.0,,,,,,,,,,,,,False,,,0,68,insufficient,0.0,2025-12-30 20:14:13.882587
53308,2025-07-10,all,0,0.0,,,,,,,,,,,,,False,,,0,219,insufficient,0.0,2025-12-30 20:14:13.882588
53309,2025-07-11,crypto,0,0.0,,,,,,,,,,,,,False,,,0,72,insufficient,0.0,2025-12-30 20:14:13.882588
53310,2025-07-11,politics,0,0.0,,,,,,,,,,,,,False,,,0,79,insufficient,0.0,2025-12-30 20:14:13.882589
53311,2025-07-11,sports,0,0.0,,,,,,,,,,,,,False,,,0,68,insufficient,0.0,2025-12-30 20:14:13.882590
53312,2025-07-11,all,0,0.0,,,,,,,,,,,,,False,,,0,219,insufficient,0.0,2025-12-30 20:14:13.882590
53313,2025-07-12,crypto,0,0.0,,,,,,,,,,,,,False,,,0,72,insufficient,0.0,2025-12-30 20:14:13.882591
53314,2025-07-12,politics,0,0.0,,,,,,,,,,,,,False,,,0,79,insufficient,0.0,2025-12-30 20:14:13.882592
53315,2025-07-12,sports,0,0.0,,,,,,,,,,,,,False,,,0,68,insufficient,0.0,2025-12-30 20:14:13.882592
53316,2025-07-12,all,0,0.0,,,,,,,,,,,,,False,,,0,219,insufficient,0.0,2025-12-30 20:14:13.882593
53317,2025-07-13,crypto,0,0.0,,,,,,,,,,,,,False,,,0,72,insufficient,0.0,2025-12-30 20:14:13.882594
53318,2025-07-13,politics,0,0.0,,,,,,,,,,,,,False,,,0,79,insufficient,0.0,2025-12-30 20:14:13.882594
53319,2025-07-13,sports,0,0.0,,,,,,,,,,,,,False,,,0,68,insufficient,0.0,2025-12-30 20:14:13.882595
53320,2025-07-13,all,0,0.0,,,,,,,,,,,,,False,,,0,219,insufficient,0.0,2025-12-30 20:14:13.882596
53321,2025-07-14,crypto,0,0.0,,,,,,,,,,,,,False,,,0,72,insufficient,0.0,2025-12-30 20:14:13.882597
53322,2025-07-14,politics,0,0.0,,,,,,,,,,,,,False,,,0,79,insufficient,0.0,2025-12-30 20:14:13.882597
53323,2025-07-14,sports,0,0.0,,,,,,,,,,,,,False,,,0,68,insufficient,0.0,2025-12-30 20:14:13.882598
53324,2025-07-14,all,0,0.0,,,,,,,,,,,,,False,,,0,219,insufficient,0.0,2025-12-30 20:14:13.882599
53325,2025-07-15,crypto,0,0.0,,,,,,,,,,,,,False,,,0,72,insufficient,0.0,2025-12-30 20:14:13.882599
53326,2025-07-15,politics,0,0.0,,,,,,,,,,,,,False,,,0,79,insufficient,0.0,2025-12-30 20:14:13.882600
53327,2025-07-15,sports,0,0.0,,,,,,,,,,,,,False,,,0,68,insufficient,0.0,2025-12-30 20:14:13.882601
53328,2025-07-15,all,0,0.0,,,,,,,,,,,,,False,,,0,219,insufficient,0.0,2025-12-30 20:14:13.882601
53329,2025-07-16,crypto,0,0.0,,,,,,,,,,,,,False,,,0,72,insufficient,0.0,2025-12-30 20:14:13.882602
53330,2025-07-16,politics,0,0.0,,,,,,,,,,,,,False,,,0,79,insufficient,0.0,2025-12-30 20:14:13.882603
53331,2025-07-16,sports,0,0.0,,,,,,,,,,,,,False,,,0,68,insufficient,0.0,2025-12-30 20:14:13.882603
53332,2025-07-16,all,0,0.0,,,,,,,,,,,,,False,,,0,219,insufficient,0.0,2025-12-30 20:14:13.882604
53333,2025-07-17,crypto,0,0.0,,,,,,,,,,,,,False,,,0,72,insufficient,0.0,2025-12-30 20:14:13.882605
53334,2025-07-17,politics,0,0.0,,,,,,,,,,,,,False,,,0,79,insufficient,0.0,2025-12-30 20:14:13.882605
53335,2025-07-17,sports,0,0.0,,,,,,,,,,,,,False,,,0,68,insufficient,0.0,2025-12-30 20:14:13.882606
53336,2025-07-17,all,0,0.0,,,,,,,,,,,,,False,,,0,219,insufficient,0.0,2025-12-30 20:14:13.882607
53337,2025-07-18,crypto,0,0.0,,,,,,,,,,,,,False,,,0,72,insufficient,0.0,2025-12-30 20:14:13.882607
53338,2025-07-18,politics,0,0.0,,,,,,,,,,,,,False,,,0,79,insufficient,0.0,2025-12-30 20:14:13.882608
53339,2025-07-18,sports,0,0.0,,,,,,,,,,,,,False,,,0,68,insufficient,0.0,2025-12-30 20:14:13.882609
53340,2025-07-18,all,0,0.0,,,,,,,,,,,,,False,,,0,219,insufficient,0.0,2025-12-30 20:14:13.882610
53341,2025-07-19,crypto,0,0.0,,,,,,,,,,,,,False,,,0,72,insufficient,0.0,2025-12-30 20:14:13.882610
53342,2025-07-19,politics,0,0.0,,,,,,,,,,,,,False,,,0,79,insufficient,0.0,2025-12-30 20:14:13.882611
53343,2025-07-19,sports,0,0.0,,,,,,,,,,,,,False,,,0,68,insufficient,0.0,2025-12-30 20:14:13.882612
53344,2025-07-19,all,0,0.0,,,,,,,,,,,,,False,,,0,219,insufficient,0.0,2025-12-30 20:14:13.882612
53345,2025-07-20,crypto,0,0.0,,,,,,,,,,,,,False,,,0,72,insufficient,0.0,2025-12-30 20:14:13.882613
53346,2025-07-20,politics,0,0.0,,,,,,,,,,,,,False,,,0,79,insufficient,0.0,2025-12-30 20:14:13.882614
53347,2025-07-20,sports,0,0.0,,,,,,,,,,,,,False,,,0,68,insufficient,0.0,2025-12-30 20:14:13.882614
53348,2025-07-20,all,0,0.0,,,,,,,,,,,,,False,,,0,219,insufficient,0.0,2025-12-30 20:14:13.882615
53349,2025-07-21,crypto,0,0.0,,,,,,,,,,,,,False,,,0,72,insufficient,0.0,2025-12-30 20:14:13.882616
53350,2025-07-21,politics,0,0.0,,,,,,,,,,,,,False,,,0,79,insufficient,0.0,2025-12-30 20:14:13.882616
53351,2025-07-21,sports,0,0.0,,,,,,,,,,,,,False,,,0,68,insufficient,0.0,2025-12-30 20:14:13.882617
53352,2025-07-21,all,0,0.0,,,,,,,,,,,,,False,,,0,219,insufficient,0.0,2025-12-30 20:14:13.882618
53353,2025-07-22,crypto,0,0.0,,,,,,,,,,,,,False,,,0,72,insufficient,0.0,2025-12-30 20:14:13.882618
53354,2025-07-22,politics,0,0.0,,,,,,,,,,,,,False,,,0,79,insufficient,0.0,2025-12-30 20:14:13.882619
53355,2025-07-22,sports,0,0.0,,,,,,,,,,,,,False,,,0,68,insufficient,0.0,2025-12-30 20:14:13.882620
53356,2025-07-22,all,0,0.0,,,,,,,,,,,,,False,,,0,219,insufficient,0.0,2025-12-30 20:14:13.882621
53357,2025-07-23,crypto,0,0.0,,,,,,,,,,,,,False,,,0,72,insufficient,0.0,2025-12-30 20:14:13.882621
53358,2025-07-23,politics,0,0.0,,,,,,,,,,,,,False,,,0,79,insufficient,0.0,2025-12-30 20:14:13.882622
53359,2025-07-23,sports,0,0.0,,,,,,,,,,,,,False,,,0,68,insufficient,0.0,2025-12-30 20:14:13.882623
53360,2025-07-23,all,0,0.0,,,,,,,,,,,,,False,,,0,219,insufficient,0.0,2025-12-30 20:14:13.882623
53361,2025-07-24,crypto,0,0.0,,,,,,,,,,,,,False,,,0,72,insufficient,0.0,2025-12-30 20:14:13.882625
53362,2025-07-24,politics,0,0.0,,,,,,,,,,,,,False,,,0,79,insufficient,0.0,2025-12-30 20:14:13.882625
53363,2025-07-24,sports,0,0.0,,,,,,,,,,,,,False,,,0,68,insufficient,0.0,2025-12-30 20:14:13.882626
53364,2025-07-24,all,0,0.0,,,,,,,,,,,,,False,,,0,219,insufficient,0.0,2025-12-30 20:14:13.882627
53365,2025-07-25,crypto,0,0.0,,,,,,,,,,,,,False,,,0,72,insufficient,0.0,2025-12-30 20:14:13.882627
53366,2025-07-25,politics,0,0.0,,,,,,,,,,,,,False,,,0,79,insufficient,0.0,2025-12-30 20:14:13.882628
53367,2025-07-25,sports,0,0.0,,,,,,,,,,,,,False,,,0,68,insufficient,0.0,2025-12-30 20:14:13.882629
53368,2025-07-25,all,0,0.0,,,,,,,,,,,,,False,,,0,219,insufficient,0.0,2025-12-30 20:14:13.882630
53369,2025-07-26,crypto,0,0.0,,,,,,,,,,,,,False,,,0,72,insufficient,0.0,2025-12-30 20:14:13.882630
53370,2025-07-26,politics,0,0.0,,,,,,,,,,,,,False,,,0,79,insufficient,0.0,2025-12-30 20:14:13.882631
53371,2025-07-26,sports,0,0.0,,,,,,,,,,,,,False,,,0,68,insufficient,0.0,2025-12-30 20:14:13.882632
53372,2025-07-26,all,0,0.0,,,,,,,,,,,,,False,,,0,219,insufficient,0.0,2025-12-30 20:14:13.882632
53373,2025-07-27,crypto,0,0.0,,,,,,,,,,,,,False,,,0,72,insufficient,0.0,2025-12-30 20:14:13.882633
53374,2025-07-27,politics,0,0.0,,,,,,,,,,,,,False,,,0,79,insufficient,0.0,2025-12-30 20:14:13.882634
53375,2025-07-27,sports,0,0.0,,,,,,,,,,,,,False,,,0,68,insufficient,0.0,2025-12-30 20:14:13.882634
53376,2025-07-27,all,0,0.0,,,,,,,,,,,,,False,,,0,219,insufficient,0.0,2025-12-30 20:14:13.882635
53377,2025-07-28,crypto,0,0.0,,,,,,,,,,,,,False,,,0,72,insufficient,0.0,2025-12-30 20:14:13.882636
53378,2025-07-28,politics,0,0.0,,,,,,,,,,,,,False,,,0,79,insufficient,0.0,2025-12-30 20:14:13.882636
53379,2025-07-28,sports,0,0.0,,,,,,,,,,,,,False,,,0,68,insufficient,0.0,2025-12-30 20:14:13.882637
53380,2025-07-28,all,0,0.0,,,,,,,,,,,,,False,,,0,219,insufficient,0.0,2025-12-30 20:14:13.882638
53381,2025-07-29,crypto,0,0.0,,,,,,,,,,,,,False,,,0,72,insufficient,0.0,2025-12-30 20:14:13.882638
53382,2025-07-29,politics,0,0.0,,,,,,,,,,,,,False,,,0,79,insufficient,0.0,2025-12-30 20:14:13.882640
53383,2025-07-29,sports,0,0.0,,,,,,,,,,,,,False,,,0,68,insufficient,0.0,2025-12-30 20:14:13.882641
53384,2025-07-29,all,0,0.0,,,,,,,,,,,,,False,,,0,219,insufficient,0.0,2025-12-30 20:14:13.882642
53385,2025-07-30,crypto,0,0.0,,,,,,,,,,,,,False,,,0,72,insufficient,0.0,2025-12-30 20:14:13.882642
53386,2025-07-30,politics,0,0.0,,,,,,,,,,,,,False,,,0,79,insufficient,0.0,2025-12-30 20:14:13.882643
53387,2025-07-30,sports,0,0.0,,,,,,,,,,,,,False,,,0,68,insufficient,0.0,2025-12-30 20:14:13.882644
53388,2025-07-30,all,0,0.0,,,,,,,,,,,,,False,,,0,219,insufficient,0.0,2025-12-30 20:14:13.882644
53389,2025-07-31,crypto,0,0.0,,,,,,,,,,,,,False,,,0,72,insufficient,0.0,2025-12-30 20:14:13.882645
53390,2025-07-31,politics,0,0.0,,,,,,,,,,,,,False,,,0,79,insufficient,0.0,2025-12-30 20:14:13.882646
53391,2025-07-31,sports,0,0.0,,,,,,,,,,,,,False,,,0,68,insufficient,0.0,2025-12-30 20:14:13.882646
53392,2025-07-31,all,0,0.0,,,,,,,,,,,,,False,,,0,219,insufficient,0.0,2025-12-30 20:14:13.882647
53393,2025-08-01,crypto,0,0.0,,,,,,,,,,,,,False,,,0,72,insufficient,0.0,2025-12-30 20:14:13.882648
53394,2025-08-01,politics,0,0.0,,,,,,,,,,,,,False,,,0,79,insufficient,0.0,2025-12-30 20:14:13.882648
53395,2025-08-01,sports,0,0.0,,,,,,,,,,,,,False,,,0,68,insufficient,0.0,2025-12-30 20:14:13.882649
53396,2025-08-01,all,0,0.0,,,,,,,,,,,,,False,,,0,219,insufficient,0.0,2025-12-30 20:14:13.882650
53397,2025-08-02,crypto,0,0.0,,,,,,,,,,,,,False,,,0,72,insufficient,0.0,2025-12-30 20:14:13.882650
53398,2025-08-02,politics,0,0.0,,,,,,,,,,,,,False,,,0,79,insufficient,0.0,2025-12-30 20:14:13.882651
53399,2025-08-02,sports,0,0.0,,,,,,,,,,,,,False,,,0,68,insufficient,0.0,2025-12-30 20:14:13.882653
53400,2025-08-02,all,0,0.0,,,,,,,,,,,,,False,,,0,219,insufficient,0.0,2025-12-30 20:14:13.882653
53401,2025-08-03,crypto,0,0.0,,,,,,,,,,,,,False,,,0,72,insufficient,0.0,2025-12-30 20:14:13.882654
53402,2025-08-03,politics,0,0.0,,,,,,,,,,,,,False,,,0,79,insufficient,0.0,2025-12-30 20:14:13.882655
53403,2025-08-03,sports,0,0.0,,,,,,,,,,,,,False,,,0,68,insufficient,0.0,2025-12-30 20:14:13.882655
53404,2025-08-03,all,0,0.0,,,,,,,,,,,,,False,,,0,219,insufficient,0.0,2025-12-30 20:14:13.882656
53405,2025-08-04,crypto,0,0.0,,,,,,,,,,,,,False,,,0,72,insufficient,0.0,2025-12-30 20:14:13.882657
53406,2025-08-04,politics,0,0.0,,,,,,,,,,,,,False,,,0,79,insufficient,0.0,2025-12-30 20:14:13.882657
53407,2025-08-04,sports,0,0.0,,,,,,,,,,,,,False,,,0,68,insufficient,0.0,2025-12-30 20:14:13.882658
53408,2025-08-04,all,0,0.0,,,,,,,,,,,,,False,,,0,219,insufficient,0.0,2025-12-30 20:14:13.882659
53409,2025-08-05,crypto,0,0.0,,,,,,,,,,,,,False,,,0,72,insufficient,0.0,2025-12-30 20:14:13.882659
53410,2025-08-05,politics,0,0.0,,,,,,,,,,,,,False,,,0,79,insufficient,0.0,2025-12-30 20:14:13.882660
53411,2025-08-05,sports,0,0.0,,,,,,,,,,,,,False,,,0,68,insufficient,0.0,2025-12-30 20:14:13.882661
53412,2025-08-05,all,0,0.0,,,,,,,,,,,,,False,,,0,219,insufficient,0.0,2025-12-30 20:14:13.882661
53413,2025-08-06,crypto,0,0.0,,,,,,,,,,,,,False,,,0,72,insufficient,0.0,2025-12-30 20:14:13.882662
53414,2025-08-06,politics,0,0.0,,,,,,,,,,,,,False,,,0,79,insufficient,0.0,2025-12-30 20:14:13.882663
53415,2025-08-06,sports,0,0.0,,,,,,,,,,,,,False,,,0,68,insufficient,0.0,2025-12-30 20:14:13.882663
53416,2025-08-06,all,0,0.0,,,,,,,,,,,,,False,,,0,219,insufficient,0.0,2025-12-30 20:14:13.882664
53417,2025-08-07,crypto,0,0.0,,,,,,,,,,,,,False,,,0,72,insufficient,0.0,2025-12-30 20:14:13.882665
53418,2025-08-07,politics,0,0.0,,,,,,,,,,,,,False,,,0,79,insufficient,0.0,2025-12-30 20:14:13.882665
53419,2025-08-07,sports,0,0.0,,,,,,,,,,,,,False,,,0,68,insufficient,0.0,2025-12-30 20:14:13.882666
53420,2025-08-07,all,0,0.0,,,,,,,,,,,,,False,,,0,219,insufficient,0.0,2025-12-30 20:14:13.882667
53421,2025-08-08,crypto,0,0.0,,,,,,,,,,,,,False,,,0,72,insufficient,0.0,2025-12-30 20:14:13.882667
53422,2025-08-08,politics,0,0.0,,,,,,,,,,,,,False,,,0,79,insufficient,0.0,2025-12-30 20:14:13.882668
53423,2025-08-08,sports,0,0.0,,,,,,,,,,,,,False,,,0,68,insufficient,0.0,2025-12-30 20:14:13.882669
53424,2025-08-08,all,0,0.0,,,,,,,,,,,,,False,,,0,219,insufficient,0.0,2025-12-30 20:14:13.882669
53425,2025-08-09,crypto,0,0.0,,,,,,,,,,,,,False,,,0,72,insufficient,0.0,2025-12-30 20:14:13.882670
53426,2025-08-09,politics,0,0.0,,,,,,,,,,,,,False,,,0,79,insufficient,0.0,2025-12-30 20:14:13.882671
53427,2025-08-09,sports,0,0.0,,,,,,,,,,,,,False,,,0,68,insufficient,0.0,2025-12-30 20:14:13.882672
53428,2025-08-09,all,0,0.0,,,,,,,,,,,,,False,,,0,219,insufficient,0.0,2025-12-30 20:14:13.882672
53429,2025-08-10,crypto,0,0.0,,,,,,,,,,,,,False,,,0,72,insufficient,0.0,2025-12-30 20:14:13.882673
53430,2025-08-10,politics,0,0.0,,,,,,,,,,,,,False,,,0,79,insufficient,0.0,2025-12-30 20:14:13.882674
53431,2025-08-10,sports,0,0.0,,,,,,,,,,,,,False,,,0,68,insufficient,0.0,2025-12-30 20:14:13.882674
53432,2025-08-10,all,0,0.0,,,,,,,,,,,,,False,,,0,219,insufficient,0.0,2025-12-30 20:14:13.882675
53433,2025-08-11,crypto,0,0.0,,,,,,,,,,,,,False,,,0,72,insufficient,0.0,2025-12-30 20:14:13.882676
53434,2025-08-11,politics,0,0.0,,,,,,,,,,,,,False,,,0,79,insufficient,0.0,2025-12-30 20:14:13.882676
53435,2025-08-11,sports,0,0.0,,,,,,,,,,,,,False,,,0,68,insufficient,0.0,2025-12-30 20:14:13.882677
53436,2025-08-11,all,0,0.0,,,,,,,,,,,,,False,,,0,219,insufficient,0.0,2025-12-30 20:14:13.882678
53437,2025-08-12,crypto,0,0.0,,,,,,,,,,,,,False,,,0,72,insufficient,0.0,2025-12-30 20:14:13.882678
53438,2025-08-12,politics,0,0.0,,,,,,,,,,,,,False,,,0,79,insufficient,0.0,2025-12-30 20:14:13.882679
53439,2025-08-12,sports,0,0.0,,,,,,,,,,,,,False,,,0,68,insufficient,0.0,2025-12-30 20:14:13.882680
53440,2025-08-12,all,0,0.0,,,,,,,,,,,,,False,,,0,219,insufficient,0.0,2025-12-30 20:14:13.882680
53441,2025-08-13,crypto,0,0.0,,,,,,,,,,,,,False,,,0,72,insufficient,0.0,2025-12-30 20:14:13.882681
53442,2025-08-13,politics,0,0.0,,,,,,,,,,,,,False,,,0,79,insufficient,0.0,2025-12-30 20:14:13.882682
53443,2025-08-13,sports,0,0.0,,,,,,,,,,,,,False,,,0,68,insufficient,0.0,2025-12-30 20:14:13.882682
53444,2025-08-13,all,0,0.0,,,,,,,,,,,,,False,,,0,219,insufficient,0.0,2025-12-30 20:14:13.882683
53445,2025-08-14,crypto,0,0.0,,,,,,,,,,,,,False,,,0,72,insufficient,0.0,2025-12-30 20:14:13.882684
53446,2025-08-14,politics,0,0.0,,,,,,,,,,,,,False,,,0,79,insufficient,0.0,2025-12-30 20:14:13.882684
53447,2025-08-14,sports,0,0.0,,,,,,,,,,,,,False,,,0,68,insufficient,0.0,2025-12-30 20:14:13.882685
53448,2025-08-14,all,0,0.0,,,,,,,,,,,,,False,,,0,219,insufficient,0.0,2025-12-30 20:14:13.882686
53449,2025-08-15,crypto,0,0.0,,,,,,,,,,,,,False,,,0,72,insufficient,0.0,2025-12-30 20:14:13.882686
53450,2025-08-15,politics,0,0.0,,,,,,,,,,,,,False,,,0,79,insufficient,0.0,2025-12-30 20:14:13.882687
53451,2025-08-15,sports,0,0.0,,,,,,,,,,,,,False,,,0,68,insufficient,0.0,2025-12-30 20:14:13.882688
53452,2025-08-15,all,0,0.0,,,,,,,,,,,,,False,,,0,219,insufficient,0.0,2025-12-30 20:14:13.882689
53453,2025-08-16,crypto,0,0.0,,,,,,,,,,,,,False,,,0,72,insufficient,0.0,2025-12-30 20:14:13.882689
53454,2025-08-16,politics,0,0.0,,,,,,,,,,,,,False,,,0,79,insufficient,0.0,2025-12-30 20:14:13.882690
53455,2025-08-16,sports,0,0.0,,,,,,,,,,,,,False,,,0,68,insufficient,0.0,2025-12-30 20:14:13.882691
53456,2025-08-16,all,0,0.0,,,,,,,,,,,,,False,,,0,219,insufficient,0.0,2025-12-30 20:14:13.882691
53457,2025-08-17,crypto,0,0.0,,,,,,,,,,,,,False,,,0,72,insufficient,0.0,2025-12-30 20:14:13.882692
53458,2025-08-17,politics,0,0.0,,,,,,,,,,,,,False,,,0,79,insufficient,0.0,2025-12-30 20:14:13.882693
53459,2025-08-17,sports,0,0.0,,,,,,,,,,,,,False,,,0,68,insufficient,0.0,2025-12-30 20:14:13.882693
53460,2025-08-17,all,0,0.0,,,,,,,,,,,,,False,,,0,219,insufficient,0.0,2025-12-30 20:14:13.882694
53461,2025-08-18,crypto,0,0.0,,,,,,,,,,,,,False,,,0,72,insufficient,0.0,2025-12-30 20:14:13.882695
53462,2025-08-18,politics,0,0.0,,,,,,,,,,,,,False,,,0,79,insufficient,0.0,2025-12-30 20:14:13.882695
53463,2025-08-18,sports,0,0.0,,,,,,,,,,,,,False,,,0,68,insufficient,0.0,2025-12-30 20:14:13.882696
53464,2025-08-18,all,0,0.0,,,,,,,,,,,,,False,,,0,219,insufficient,0.0,2025-12-30 20:14:13.882697
53465,2025-08-19,crypto,0,0.0,,,,,,,,,,,,,False,,,0,72,insufficient,0.0,2025-12-30 20:14:13.882697
53466,2025-08-19,politics,0,0.0,,,,,,,,,,,,,False,,,0,79,insufficient,0.0,2025-12-30 20:14:13.882698
53467,2025-08-19,sports,0,0.0,,,,,,,,,,,,,False,,,0,68,insufficient,0.0,2025-12-30 20:14:13.882698
53468,2025-08-19,all,0,0.0,,,,,,,,,,,,,False,,,0,219,insufficient,0.0,2025-12-30 20:14:13.882699
53469,2025-08-20,crypto,0,0.0,,,,,,,,,,,,,False,,,0,72,insufficient,0.0,2025-12-30 20:14:13.882700
53470,2025-08-20,politics,0,0.0,,,,,,,,,,,,,False,,,0,79,insufficient,0.0,2025-12-30 20:14:13.882700
53471,2025-08-20,sports,0,0.0,,,,,,,,,,,,,False,,,0,68,insufficient,0.0,2025-12-30 20:14:13.882701
53472,2025-08-20,all,0,0.0,,,,,,,,,,,,,False,,,0,219,insufficient,0.0,2025-12-30 20:14:13.882702
53473,2025-08-21,crypto,0,0.0,,,,,,,,,,,,,False,,,0,72,insufficient,0.0,2025-12-30 20:14:13.882702
53474,2025-08-21,politics,0,0.0,,,,,,,,,,,,,False,,,0,79,insufficient,0.0,2025-12-30 20:14:13.882703
53475,2025-08-21,sports,0,0.0,,,,,,,,,,,,,False,,,0,68,insufficient,0.0,2025-12-30 20:14:13.882704
53476,2025-08-21,all,0,0.0,,,,,,,,,,,,,False,,,0,219,insufficient,0.0,2025-12-30 20:14:13.882704
53477,2025-08-22,crypto,0,0.0,,,,,,,,,,,,,False,,,0,72,insufficient,0.0,2025-12-30 20:14:13.882705
53478,2025-08-22,politics,0,0.0,,,,,,,,,,,,,False,,,0,79,insufficient,0.0,2025-12-30 20:14:13.882706
53479,2025-08-22,sports,0,0.0,,,,,,,,,,,,,False,,,0,68,insufficient,0.0,2025-12-30 20:14:13.882706
53480,2025-08-22,all,0,0.0,,,,,,,,,,,,,False,,,0,219,insufficient,0.0,2025-12-30 20:14:13.882707
53481,2025-08-23,crypto,0,0.0,,,,,,,,,,,,,False,,,0,72,insufficient,0.0,2025-12-30 20:14:13.882708
53482,2025-08-23,politics,0,0.0,,,,,,,,,,,,,False,,,0,79,insufficient,0.0,2025-12-30 20:14:13.882708
53483,2025-08-23,sports,0,0.0,,,,,,,,,,,,,False,,,0,68,insufficient,0.0,2025-12-30 20:14:13.882709
53484,2025-08-23,all,0,0.0,,,,,,,,,,,,,False,,,0,219,insufficient,0.0,2025-12-30 20:14:13.882710
53485,2025-08-24,crypto,0,0.0,,,,,,,,,,,,,False,,,0,72,insufficient,0.0,2025-12-30 20:14:13.882710
53486,2025-08-24,politics,0,0.0,,,,,,,,,,,,,False,,,0,79,insufficient,0.0,2025-12-30 20:14:13.882711
53487,2025-08-24,sports,0,0.0,,,,,,,,,,,,,False,,,0,68,insufficient,0.0,2025-12-30 20:14:13.882712
53488,2025-08-24,all,0,0.0,,,,,,,,,,,,,False,,,0,219,insufficient,0.0,2025-12-30 20:14:13.882712
53489,2025-08-25,crypto,0,0.0,,,,,,,,,,,,,False,,,0,72,insufficient,0.0,2025-12-30 20:14:13.882713
53490,2025-08-25,politics,0,0.0,,,,,,,,,,,,,False,,,0,79,insufficient,0.0,2025-12-30 20:14:13.882714
53491,2025-08-25,sports,0,0.0,,,,,,,,,,,,,False,,,0,68,insufficient,0.0,2025-12-30 20:14:13.882714
53492,2025-08-25,all,0,0.0,,,,,,,,,,,,,False,,,0,219,insufficient,0.0,2025-12-30 20:14:13.882715
53493,2025-08-26,crypto,0,0.0,,,,,,,,,,,,,False,,,0,72,insufficient,0.0,2025-12-30 20:14:13.882716
53494,2025-08-26,politics,0,0.0,,,,,,,,,,,,,False,,,0,79,insufficient,0.0,2025-12-30 20:14:13.882716
53495,2025-08-26,sports,0,0.0,,,,,,,,,,,,,False,,,0,68,insufficient,0.0,2025-12-30 20:14:13.882717
53496,2025-08-26,all,0,0.0,,,,,,,,,,,,,False,,,0,219,insufficient,0.0,2025-12-30 20:14:13.882718
53497,2025-08-27,crypto,0,0.0,,,,,,,,,,,,,False,,,0,72,insufficient,0.0,2025-12-30 20:14:13.882718
53498,2025-08-27,politics,0,0.0,,,,,,,,,,,,,False,,,0,79,insufficient,0.0,2025-12-30 20:14:13.882719
53499,2025-08-27,sports,0,0.0,,,,,,,,,,,,,False,,,0,68,insufficient,0.0,2025-12-30 20:14:13.882720
53500,2025-08-27,all,0,0.0,,,,,,,,,,,,,False,,,0,219,insufficient,0.0,2025-12-30 20:14:13.882720
53501,2025-08-28,crypto,0,0.0,,,,,,,,,,,,,False,,,0,72,insufficient,0.0,2025-12-30 20:14:13.882721
53502,2025-08-28,politics,0,0.0,,,,,,,,,,,,,False,,,0,79,insufficient,0.0,2025-12-30 20:14:13.882722
53503,2025-08-28,sports,0,0.0,,,,,,,,,,,,,False,,,0,68,insufficient,0.0,2025-12-30 20:14:13.882722
53504,2025-08-28,all,0,0.0,,,,,,,,,,,,,False,,,0,219,insufficient,0.0,2025-12-30 20:14:13.882723
53505,2025-08-29,crypto,0,0.0,,,,,,,,,,,,,False,,,0,72,insufficient,0.0,2025-12-30 20:14:13.882724
53506,2025-08-29,politics,0,0.0,,,,,,,,,,,,,False,,,0,79,insufficient,0.0,2025-12-30 20:14:13.882724
53507,2025-08-29,sports,0,0.0,,,,,,,,,,,,,False,,,0,68,insufficient,0.0,2025-12-30 20:14:13.882725
53508,2025-08-29,all,0,0.0,,,,,,,,,,,,,False,,,0,219,insufficient,0.0,2025-12-30 20:14:13.882726
53509,2025-08-30,crypto,0,0.0,,,,,,,,,,,,,False,,,0,72,insufficient,0.0,2025-12-30 20:14:13.882726
53510,2025-08-30,politics,0,0.0,,,,,,,,,,,,,False,,,0,79,insufficient,0.0,2025-12-30 20:14:13.882727
53511,2025-08-30,sports,0,0.0,,,,,,,,,,,,,False,,,0,68,insufficient,0.0,2025-12-30 20:14:13.882728
53512,2025-08-30,all,0,0.0,,,,,,,,,,,,,False,,,0,219,insufficient,0.0,2025-12-30 20:14:13.882728
53513,2025-08-31,crypto,0,0.0,,,,,,,,,,,,,False,,,0,72,insufficient,0.0,2025-12-30 20:14:13.882729
53514,2025-08-31,politics,0,0.0,,,,,,,,,,,,,False,,,0,79,insufficient,0.0,2025-12-30 20:14:13.882730
53515,2025-08-31,sports,0,0.0,,,,,,,,,,,,,False,,,0,68,insufficient,0.0,2025-12-30 20:14:13.882730
53516,2025-08-31,all,0,0.0,,,,,,,,,,,,,False,,,0,219,insufficient,0.0,2025-12-30 20:14:13.882731
53517,2025-09-01,crypto,0,0.0,,,,,,,,,,,,,False,,,0,72,insufficient,0.0,2025-12-30 20:14:13.882732
53518,2025-09-01,politics,0,0.0,,,,,,,,,,,,,False,,,0,79,insufficient,0.0,2025-12-30 20:14:13.882732
53519,2025-09-01,sports,0,0.0,,,,,,,,,,,,,False,,,0,68,insufficient,0.0,2025-12-30 20:14:13.882733
53520,2025-09-01,all,0,0.0,,,,,,,,,,,,,False,,,0,219,insufficient,0.0,2025-12-30 20:14:13.882734
53521,2025-09-02,crypto,0,0.0,,,,,,,,,,,,,False,,,0,72,insufficient,0.0,2025-12-30 20:14:13.882734
53522,2025-09-02,politics,0,0.0,,,,,,,,,,,,,False,,,0,79,insufficient,0.0,2025-12-30 20:14:13.882735
53523,2025-09-02,sports,0,0.0,,,,,,,,,,,,,False,,,0,68,insufficient,0.0,2025-12-30 20:14:13.882735
53524,2025-09-02,all,0,0.0,,,,,,,,,,,,,False,,,0,219,insufficient,0.0,2025-12-30 20:14:13.882736
53525,2025-09-03,crypto,0,0.0,,,,,,,,,,,,,False,,,0,72,insufficient,0.0,2025-12-30 20:14:13.882737
53526,2025-09-03,politics,0,0.0,,,,,,,,,,,,,False,,,0,79,insufficient,0.0,2025-12-30 20:14:13.882737
53527,2025-09-03,sports,0,0.0,,,,,,,,,,,,,False,,,0,68,insufficient,0.0,2025-12-30 20:14:13.882738
53528,2025-09-03,all,0,0.0,,,,,,,,,,,,,False,,,0,219,insufficient,0.0,2025-12-30 20:14:13.882739
53529,2025-09-04,crypto,0,0.0,,,,,,,,,,,,,False,,,0,72,insufficient,0.0,2025-12-30 20:14:13.882739
53530,2025-09-04,politics,0,0.0,,,,,,,,,,,,,False,,,0,79,insufficient,0.0,2025-12-30 20:14:13.882740
53531,2025-09-04,sports,0,0.0,,,,,,,,,,,,,False,,,0,68,insufficient,0.0,2025-12-30 20:14:13.882741
53532,2025-09-04,all,0,0.0,,,,,,,,,,,,,False,,,0,219,insufficient,0.0,2025-12-30 20:14:13.882741
53533,2025-09-05,crypto,0,0.0,,,,,,,,,,,,,False,,,0,72,insufficient,0.0,2025-12-30 20:14:13.882742
53534,2025-09-05,politics,0,0.0,,,,,,,,,,,,,False,,,0,79,insufficient,0.0,2025-12-30 20:14:13.882743
53535,2025-09-05,sports,0,0.0,,,,,,,,,,,,,False,,,0,68,insufficient,0.0,2025-12-30 20:14:13.882743
53536,2025-09-05,all,0,0.0,,,,,,,,,,,,,False,,,0,219,insufficient,0.0,2025-12-30 20:14:13.882744
53537,2025-09-06,crypto,0,0.0,,,,,,,,,,,,,False,,,0,72,insufficient,0.0,2025-12-30 20:14:13.882745
53538,2025-09-06,politics,0,0.0,,,,,,,,,,,,,False,,,0,79,insufficient,0.0,2025-12-30 20:14:13.882745
53539,2025-09-06,sports,0,0.0,,,,,,,,,,,,,False,,,0,68,insufficient,0.0,2025-12-30 20:14:13.882746
53540,2025-09-06,all,0,0.0,,,,,,,,,,,,,False,,,0,219,insufficient,0.0,2025-12-30 20:14:13.882747
53541,2025-09-07,crypto,0,0.0,,,,,,,,,,,,,False,,,0,72,insufficient,0.0,2025-12-30 20:14:13.882747
53542,2025-09-07,politics,0,0.0,,,,,,,,,,,,,False,,,0,79,insufficient,0.0,2025-12-30 20:14:13.882748
53543,2025-09-07,sports,0,0.0,,,,,,,,,,,,,False,,,0,68,insufficient,0.0,2025-12-30 20:14:13.882749
53544,2025-09-07,all,0,0.0,,,,,,,,,,,,,False,,,0,219,insufficient,0.0,2025-12-30 20:14:13.882749
53545,2025-09-08,crypto,0,0.0,,,,,,,,,,,,,False,,,0,72,insufficient,0.0,2025-12-30 20:14:13.882750
53546,2025-09-08,politics,0,0.0,,,,,,,,,,,,,False,,,0,79,insufficient,0.0,2025-12-30 20:14:13.882751
53547,2025-09-08,sports,0,0.0,,,,,,,,,,,,,False,,,0,68,insufficient,0.0,2025-12-30 20:14:13.882752
53548,2025-09-08,all,0,0.0,,,,,,,,,,,,,False,,,0,219,insufficient,0.0,2025-12-30 20:14:13.882752
53549,2025-09-09,crypto,0,0.0,,,,,,,,,,,,,False,,,0,72,insufficient,0.0,2025-12-30 20:14:13.882753
53550,2025-09-09,politics,0,0.0,,,,,,,,,,,,,False,,,0,79,insufficient,0.0,2025-12-30 20:14:13.882754
53551,2025-09-09,sports,0,0.0,,,,,,,,,,,,,False,,,0,68,insufficient,0.0,2025-12-30 20:14:13.882754
53552,2025-09-09,all,0,0.0,,,,,,,,,,,,,False,,,0,219,insufficient,0.0,2025-12-30 20:14:13.882755
53553,2025-09-10,crypto,0,0.0,,,,,,,,,,,,,False,,,0,72,insufficient,0.0,2025-12-30 20:14:13.882756
53554,2025-09-10,politics,0,0.0,,,,,,,,,,,,,False,,,0,79,insufficient,0.0,2025-12-30 20:14:13.882756
53555,2025-09-10,sports,0,0.0,,,,,,,,,,,,,False,,,0,68,insufficient,0.0,2025-12-30 20:14:13.882757
53556,2025-09-10,all,0,0.0,,,,,,,,,,,,,False,,,0,219,insufficient,0.0,2025-12-30 20:14:13.882758
53557,2025-09-11,crypto,0,0.0,,,,,,,,,,,,,False,,,0,72,insufficient,0.0,2025-12-30 20:14:13.882758
53558,2025-09-11,politics,0,0.0,,,,,,,,,,,,,False,,,0,79,insufficient,0.0,2025-12-30 20:14:13.882759
53559,2025-09-11,sports,0,0.0,,,,,,,,,,,,,False,,,0,68,insufficient,0.0,2025-12-30 20:14:13.882760
53560,2025-09-11,all,0,0.0,,,,,,,,,,,,,False,,,0,219,insufficient,0.0,2025-12-30 20:14:13.882760
53561,2025-09-12,crypto,0,0.0,,,,,,,,,,,,,False,,,0,72,insufficient,0.0,2025-12-30 20:14:13.882761
53562,2025-09-12,politics,0,0.0,,,,,,,,,,,,,False,,,0,79,insufficient,0.0,2025-12-30 20:14:13.882762
53563,2025-09-12,sports,0,0.0,,,,,,,,,,,,,False,,,0,68,insufficient,0.0,2025-12-30 20:14:13.882762
53564,2025-09-12,all,0,0.0,,,,,,,,,,,,,False,,,0,219,insufficient,0.0,2025-12-30 20:14:13.882763
53565,2025-09-13,crypto,0,0.0,,,,,,,,,,,,,False,,,0,72,insufficient,0.0,2025-12-30 20:14:13.882764
53566,2025-09-13,politics,0,0.0,,,,,,,,,,,,,False,,,0,79,insufficient,0.0,2025-12-30 20:14:13.882764
53567,2025-09-13,sports,0,0.0,,,,,,,,,,,,,False,,,0,68,insufficient,0.0,2025-12-30 20:14:13.882765
53568,2025-09-13,all,0,0.0,,,,,,,,,,,,,False,,,0,219,insufficient,0.0,2025-12-30 20:14:13.882766
53569,2025-09-14,crypto,0,0.0,,,,,,,,,,,,,False,,,0,72,insufficient,0.0,2025-12-30 20:14:13.882766
53570,2025-09-14,politics,0,0.0,,,,,,,,,,,,,False,,,0,79,insufficient,0.0,2025-12-30 20:14:13.882767
53571,2025-09-14,sports,0,0.0,,,,,,,,,,,,,False,,,0,68,insufficient,0.0,2025-12-30 20:14:13.882768
53572,2025-09-14,all,0,0.0,,,,,,,,,,,,,False,,,0,219,insufficient,0.0,2025-12-30 20:14:13.882768
53573,2025-09-15,crypto,0,0.0,,,,,,,,,,,,,False,,,0,72,insufficient,0.0,2025-12-30 20:14:13.882769
53574,2025-09-15,politics,0,0.0,,,,,,,,,,,,,False,,,0,79,insufficient,0.0,2025-12-30 20:14:13.882770
53575,2025-09-15,sports,0,0.0,,,,,,,,,,,,,False,,,0,68,insufficient,0.0,2025-12-30 20:14:13.882771
53576,2025-09-15,all,0,0.0,,,,,,,,,,,,,False,,,0,219,insufficient,0.0,2025-12-30 20:14:13.882772
53577,2025-09-16,crypto,0,0.0,,,,,,,,,,,,,False,,,0,72,insufficient,0.0,2025-12-30 20:14:13.882773
53578,2025-09-16,politics,0,0.0,,,,,,,,,,,,,False,,,0,79,insufficient,0.0,2025-12-30 20:14:13.882773
53579,2025-09-16,sports,0,0.0,,,,,,,,,,,,,False,,,0,68,insufficient,0.0,2025-12-30 20:14:13.882774
53580,2025-09-16,all,0,0.0,,,,,,,,,,,,,False,,,0,219,insufficient,0.0,2025-12-30 20:14:13.882775
53581,2025-09-17,crypto,0,0.0,,,,,,,,,,,,,False,,,0,72,insufficient,0.0,2025-12-30 20:14:13.882775
53582,2025-09-17,politics,0,0.0,,,,,,,,,,,,,False,,,0,79,insufficient,0.0,2025-12-30 20:14:13.882776
53583,2025-09-17,sports,0,0.0,,,,,,,,,,,,,False,,,0,68,insufficient,0.0,2025-12-30 20:14:13.882777
53584,2025-09-17,all,0,0.0,,,,,,,,,,,,,False,,,0,219,insufficient,0.0,2025-12-30 20:14:13.882777
53585,2025-09-18,crypto,0,0.0,,,,,,,,,,,,,False,,,0,72,insufficient,0.0,2025-12-30 20:14:13.882778
53586,2025-09-18,politics,0,0.0,,,,,,,,,,,,,False,,,0,79,insufficient,0.0,2025-12-30 20:14:13.882779
53587,2025-09-18,sports,0,0.0,,,,,,,,,,,,,False,,,0,68,insufficient,0.0,2025-12-30 20:14:13.882779
53588,2025-09-18,all,0,0.0,,,,,,,,,,,,,False,,,0,219,insufficient,0.0,2025-12-30 20:14:13.882780
53589,2025-09-19,crypto,0,0.0,,,,,,,,,,,,,False,,,0,72,insufficient,0.0,2025-12-30 20:14:13.882781
53590,2025-09-19,politics,0,0.0,,,,,,,,,,,,,False,,,0,79,insufficient,0.0,2025-12-30 20:14:13.882781
53591,2025-09-19,sports,0,0.0,,,,,,,,,,,,,False,,,0,68,insufficient,0.0,2025-12-30 20:14:13.882782
53592,2025-09-19,all,0,0.0,,,,,,,,,,,,,False,,,0,219,insufficient,0.0,2025-12-30 20:14:13.882783
53593,2025-09-20,crypto,0,0.0,,,,,,,,,,,,,False,,,0,72,insufficient,0.0,2025-12-30 20:14:13.882783
53594,2025-09-20,politics,0,0.0,,,,,,,,,,,,,False,,,0,79,insufficient,0.0,2025-12-30 20:14:13.882784
53595,2025-09-20,sports,0,0.0,,,,,,,,,,,,,False,,,0,68,insufficient,0.0,2025-12-30 20:14:13.882785
53596,2025-09-20,all,0,0.0,,,,,,,,,,,,,False,,,0,219,insufficient,0.0,2025-12-30 20:14:13.882785
53597,2025-09-21,crypto,0,0.0,,,,,,,,,,,,,False,,,0,72,insufficient,0.0,2025-12-30 20:14:13.882786
53598,2025-09-21,politics,0,0.0,,,,,,,,,,,,,False,,,0,79,insufficient,0.0,2025-12-30 20:14:13.882787
53599,2025-09-21,sports,0,0.0,,,,,,,,,,,,,False,,,0,68,insufficient,0.0,2025-12-30 20:14:13.882787
53600,2025-09-21,all,0,0.0,,,,,,,,,,,,,False,,,0,219,insufficient,0.0,2025-12-30 20:14:13.882788
53601,2025-09-22,crypto,0,0.0,,,,,,,,,,,,,False,,,0,72,insufficient,0.0,2025-12-30 20:14:13.882789
53602,2025-09-22,politics,0,0.0,,,,,,,,,,,,,False,,,0,79,insufficient,0.0,2025-12-30 20:14:13.882789
53603,2025-09-22,sports,0,0.0,,,,,,,,,,,,,False,,,0,68,insufficient,0.0,2025-12-30 20:14:13.882790
53604,2025-09-22,all,0,0.0,,,,,,,,,,,,,False,,,0,219,insufficient,0.0,2025-12-30 20:14:13.882791
53605,2025-09-23,crypto,0,0.0,,,,,,,,,,,,,False,,,0,72,insufficient,0.0,2025-12-30 20:14:13.882792
53606,2025-09-23,politics,0,0.0,,,,,,,,,,,,,False,,,0,79,insufficient,0.0,2025-12-30 20:14:13.882792
53607,2025-09-23,sports,0,0.0,,,,,,,,,,,,,False,,,0,68,insufficient,0.0,2025-12-30 20:14:13.882793
53608,2025-09-23,all,0,0.0,,,,,,,,,,,,,False,,,0,219,insufficient,0.0,2025-12-30 20:14:13.882793
53609,2025-09-24,crypto,0,0.0,,,,,,,,,,,,,False,,,0,72,insufficient,0.0,2025-12-30 20:14:13.882794
53610,2025-09-24,politics,0,0.0,,,,,,,,,,,,,False,,,0,79,insufficient,0.0,2025-12-30 20:14:13.882795
53611,2025-09-24,sports,0,0.0,,,,,,,,,,,,,False,,,0,68,insufficient,0.0,2025-12-30 20:14:13.882796
53612,2025-09-24,all,0,0.0,,,,,,,,,,,,,False,,,0,219,insufficient,0.0,2025-12-30 20:14:13.882796
53613,2025-09-25,crypto,0,0.0,,,,,,,,,,,,,False,,,0,72,insufficient,0.0,2025-12-30 20:14:13.882797
53614,2025-09-25,politics,0,0.0,,,,,,,,,,,,,False,,,0,79,insufficient,0.0,2025-12-30 20:14:13.882798
53615,2025-09-25,sports,0,0.0,,,,,,,,,,,,,False,,,0,68,insufficient,0.0,2025-12-30 20:14:13.882798
53616,2025-09-25,all,0,0.0,,,,,,,,,,,,,False,,,0,219,insufficient,0.0,2025-12-30 20:14:13.882799
53617,2025-09-26,crypto,0,0.0,,,,,,,,,,,,,False,,,0,72,insufficient,0.0,2025-12-30 20:14:13.882800
53618,2025-09-26,politics,0,0.0,,,,,,,,,,,,,False,,,0,79,insufficient,0.0,2025-12-30 20:14:13.882800
53619,2025-09-26,sports,0,0.0,,,,,,,,,,,,,False,,,0,68,insufficient,0.0,2025-12-30 20:14:13.882801
53620,2025-09-26,all,0,0.0,,,,,,,,,,,,,False,,,0,219,insufficient,0.0,2025-12-30 20:14:13.882802
53621,2025-09-27,crypto,0,0.0,,,,,,,,,,,,,False,,,0,72,insufficient,0.0,2025-12-30 20:14:13.882802
53622,2025-09-27,politics,0,0.0,,,,,,,,,,,,,False,,,0,79,insufficient,0.0,2025-12-30 20:14:13.882803
53623,2025-09-27,sports,0,0.0,,,,,,,,,,,,,False,,,0,68,insufficient,0.0,2025-12-30 20:14:13.882804
53624,2025-09-27,all,0,0.0,,,,,,,,,,,,,False,,,0,219,insufficient,0.0,2025-12-30 20:14:13.882804
53625,2025-09-28,crypto,0,0.0,,,,,,,,,,,,,False,,,0,72,insufficient,0.0,2025-12-30 20:14:13.882805
53626,2025-09-28,politics,0,0.0,,,,,,,,,,,,,False,,,0,79,insufficient,0.0,2025-12-30 20:14:13.882806
53627,2025-09-28,sports,0,0.0,,,,,,,,,,,,,False,,,0,68,insufficient,0.0,2025-12-30 20:14:13.882806
53628,2025-09-28,all,0,0.0,,,,,,,,,,,,,False,,,0,219,insufficient,0.0,2025-12-30 20:14:13.882807
53629,2025-09-29,crypto,0,0.0,,,,,,,,,,,,,False,,,0,72,insufficient,0.0,2025-12-30 20:14:13.882808
53630,2025-09-29,politics,0,0.0,,,,,,,,,,,,,False,,,0,79,insufficient,0.0,2025-12-30 20:14:13.882808
53631,2025-09-29,sports,0,0.0,,,,,,,,,,,,,False,,,0,68,insufficient,0.0,2025-12-30 20:14:13.882809
53632,2025-09-29,all,0,0.0,,,,,,,,,,,,,False,,,0,219,insufficient,0.0,2025-12-30 20:14:13.882810
53633,2025-09-30,crypto,0,0.0,,,,,,,,,,,,,False,,,0,72,insufficient,0.0,2025-12-30 20:14:13.882810
53634,2025-09-30,politics,0,0.0,,,,,,,,,,,,,False,,,0,79,insufficient,0.0,2025-12-30 20:14:13.882811
53635,2025-09-30,sports,0,0.0,,,,,,,,,,,,,False,,,0,68,insufficient,0.0,2025-12-30 20:14:13.882812
53636,2025-09-30,all,0,0.0,,,,,,,,,,,,,False,,,0,219,insufficient,0.0,2025-12-30 20:14:13.882813
53637,2025-10-01,crypto,0,0.0,,,,,,,,,,,,,False,,,0,72,insufficient,0.0,2025-12-30 20:14:13.882813
53638,2025-10-01,politics,0,0.0,,,,,,,,,,,,,False,,,0,79,insufficient,0.0,2025-12-30 20:14:13.882814
53639,2025-10-01,sports,0,0.0,,,,,,,,,,,,,False,,,0,68,insufficient,0.0,2025-12-30 20:14:13.882815
53640,2025-10-01,all,0,0.0,,,,,,,,,,,,,False,,,0,219,insufficient,0.0,2025-12-30 20:14:13.882815
53641,2025-10-02,crypto,0,0.0,,,,,,,,,,,,,False,,,0,72,insufficient,0.0,2025-12-30 20:14:13.882816
53642,2025-10-02,politics,0,0.0,,,,,,,,,,,,,False,,,0,79,insufficient,0.0,2025-12-30 20:14:13.882817
53643,2025-10-02,sports,0,0.0,,,,,,,,,,,,,False,,,0,68,insufficient,0.0,2025-12-30 20:14:13.882817
53644,2025-10-02,all,0,0.0,,,,,,,,,,,,,False,,,0,219,insufficient,0.0,2025-12-30 20:14:13.882818
53645,2025-10-03,crypto,0,0.0,,,,,,,,,,,,,False,,,0,72,insufficient,0.0,2025-12-30 20:14:13.882819
53646,2025-10-03,politics,0,0.0,,,,,,,,,,,,,False,,,0,79,insufficient,0.0,2025-12-30 20:14:13.882819
53647,2025-10-03,sports,0,0.0,,,,,,,,,,,,,False,,,0,68,insufficient,0.0,2025-12-30 20:14:13.882820
53648,2025-10-03,all,0,0.0,,,,,,,,,,,,,False,,,0,219,insufficient,0.0,2025-12-30 20:14:13.882821
53649,2025-10-04,crypto,0,0.0,,,,,,,,,,,,,False,,,0,72,insufficient,0.0,2025-12-30 20:14:13.882821
53650,2025-10-04,politics,0,0.0,,,,,,,,,,,,,False,,,0,79,insufficient,0.0,2025-12-30 20:14:13.882822
53651,2025-10-04,sports,0,0.0,,,,,,,,,,,,,False,,,0,68,insufficient,0.0,2025-12-30 20:14:13.882823
53652,2025-10-04,all,0,0.0,,,,,,,,,,,,,False,,,0,219,insufficient,0.0,2025-12-30 20:14:13.882823
53653,2025-10-05,crypto,0,0.0,,,,,,,,,,,,,False,,,0,72,insufficient,0.0,2025-12-30 20:14:13.882824
53654,2025-10-05,politics,0,0.0,,,,,,,,,,,,,False,,,0,79,insufficient,0.0,2025-12-30 20:14:13.882825
53655,2025-10-05,sports,0,0.0,,,,,,,,,,,,,False,,,0,68,insufficient,0.0,2025-12-30 20:14:13.882825
53656,2025-10-05,all,0,0.0,,,,,,,,,,,,,False,,,0,219,insufficient,0.0,2025-12-30 20:14:13.882826
53657,2025-10-06,crypto,0,0.0,,,,,,,,,,,,,False,,,0,72,insufficient,0.0,2025-12-30 20:14:13.882827
53658,2025-10-06,politics,0,0.0,,,,,,,,,,,,,False,,,0,79,insufficient,0.0,2025-12-30 20:14:13.882827
53659,2025-10-06,sports,0,0.0,,,,,,,,,,,,,False,,,0,68,insufficient,0.0,2025-12-30 20:14:13.882828
53660,2025-10-06,all,0,0.0,,,,,,,,,,,,,False,,,0,219,insufficient,0.0,2025-12-30 20:14:13.882829
53661,2025-10-07,crypto,0,0.0,,,,,,,,,,,,,False,,,0,72,insufficient,0.0,2025-12-30 20:14:13.882829
53662,2025-10-07,politics,0,0.0,,,,,,,,,,,,,False,,,0,79,insufficient,0.0,2025-12-30 20:14:13.882830
53663,2025-10-07,sports,0,0.0,,,,,,,,,,,,,False,,,0,68,insufficient,0.0,2025-12-30 20:14:13.882831
53664,2025-10-07,all,0,0.0,,,,,,,,,,,,,False,,,0,219,insufficient,0.0,2025-12-30 20:14:13.882831
53665,2025-10-08,crypto,0,0.0,,,,,,,,,,,,,False,,,0,72,insufficient,0.0,2025-12-30 20:14:13.882832
53666,2025-10-08,politics,0,0.0,,,,,,,,,,,,,False,,,0,79,insufficient,0.0,2025-12-30 20:14:13.882833
53667,2025-10-08,sports,0,0.0,,,,,,,,,,,,,False,,,0,68,insufficient,0.0,2025-12-30 20:14:13.882833
53668,2025-10-08,all,0,0.0,,,,,,,,,,,,,False,,,0,219,insufficient,0.0,2025-12-30 20:14:13.882834
53669,2025-10-09,crypto,0,0.0,,,,,,,,,,,,,False,,,0,72,insufficient,0.0,2025-12-30 20:14:13.882835
53670,2025-10-09,politics,0,0.0,,,,,,,,,,,,,False,,,0,79,insufficient,0.0,2025-12-30 20:14:13.882835
53671,2025-10-09,sports,0,0.0,,,,,,,,,,,,,False,,,0,68,insufficient,0.0,2025-12-30 20:14:13.882836
53672,2025-10-09,all,0,0.0,,,,,,,,,,,,,False,,,0,219,insufficient,0.0,2025-12-30 20:14:13.882837
53673,2025-10-10,crypto,0,0.0,,,,,,,,,,,,,False,,,0,72,insufficient,0.0,2025-12-30 20:14:13.882837
53674,2025-10-10,politics,0,0.0,,,,,,,,,,,,,False,,,0,79,insufficient,0.0,2025-12-30 20:14:13.882838
53675,2025-10-10,sports,0,0.0,,,,,,,,,,,,,False,,,0,68,insufficient,0.0,2025-12-30 20:14:13.882839
53676,2025-10-10,all,0,0.0,,,,,,,,,,,,,False,,,0,219,insufficient,0.0,2025-12-30 20:14:13.882839
53677,2025-10-11,crypto,0,0.0,,,,,,,,,,,,,False,,,0,72,insufficient,0.0,2025-12-30 20:14:13.882840
53678,2025-10-11,politics,0,0.0,,,,,,,,,,,,,False,,,0,79,insufficient,0.0,2025-12-30 20:14:13.882841
53679,2025-10-11,sports,0,0.0,,,,,,,,,,,,,False,,,0,68,insufficient,0.0,2025-12-30 20:14:13.882841
53680,2025-10-11,all,0,0.0,,,,,,,,,,,,,False,,,0,219,insufficient,0.0,2025-12-30 20:14:13.882842
53681,2025-10-12,crypto,0,0.0,,,,,,,,,,,,,False,,,0,72,insufficient,0.0,2025-12-30 20:14:13.882843
53682,2025-10-12,politics,0,0.0,,,,,,,,,,,,,False,,,0,79,insufficient,0.0,2025-12-30 20:14:13.882843
53683,2025-10-12,sports,0,0.0,,,,,,,,,,,,,False,,,0,68,insufficient,0.0,2025-12-30 20:14:13.882844
53684,2025-10-12,all,0,0.0,,,,,,,,,,,,,False,,,0,219,insufficient,0.0,2025-12-30 20:14:13.882845
53685,2025-10-13,crypto,0,0.0,,,,,,,,,,,,,False,,,0,72,insufficient,0.0,2025-12-30 20:14:13.882845
53686,2025-10-13,politics,0,0.0,,,,,,,,,,,,,False,,,0,79,insufficient,0.0,2025-12-30 20:14:13.882846
53687,2025-10-13,sports,0,0.0,,,,,,,,,,,,,False,,,0,68,insufficient,0.0,2025-12-30 20:14:13.882847
53688,2025-10-13,all,0,0.0,,,,,,,,,,,,,False,,,0,219,insufficient,0.0,2025-12-30 20:14:13.882847
53689,2025-10-14,crypto,0,0.0,,,,,,,,,,,,,False,,,0,72,insufficient,0.0,2025-12-30 20:14:13.882848
53690,2025-10-14,politics,0,0.0,,,,,,,,,,,,,False,,,0,79,insufficient,0.0,2025-12-30 20:14:13.882849
53691,2025-10-14,sports,0,0.0,,,,,,,,,,,,,False,,,0,68,insufficient,0.0,2025-12-30 20:14:13.882849
53692,2025-10-14,all,0,0.0,,,,,,,,,,,,,False,,,0,219,insufficient,0.0,2025-12-30 20:14:13.882850
53693,2025-10-15,crypto,0,0.0,,,,,,,,,,,,,False,,,0,72,insufficient,0.0,2025-12-30 20:14:13.882851
53694,2025-10-15,politics,0,0.0,,,,,,,,,,,,,False,,,0,79,insufficient,0.0,2025-12-30 20:14:13.882851
53695,2025-10-15,sports,0,0.0,,,,,,,,,,,,,False,,,0,68,insufficient,0.0,2025-12-30 20:14:13.882852
53696,2025-10-15,all,0,0.0,,,,,,,,,,,,,False,,,0,219,insufficient,0.0,2025-12-30 20:14:13.882853
53697,2025-10-16,crypto,0,0.0,,,,,,,,,,,,,False,,,0,72,insufficient,0.0,2025-12-30 20:14:13.882853
53698,2025-10-16,politics,0,0.0,,,,,,,,,,,,,False,,,0,79,insufficient,0.0,2025-12-30 20:14:13.882854
53699,2025-10-16,sports,0,0.0,,,,,,,,,,,,,False,,,0,68,insufficient,0.0,2025-12-30 20:14:13.882855
53700,2025-10-16,all,0,0.0,,,,,,,,,,,,,False,,,0,219,insufficient,0.0,2025-12-30 20:14:13.882855
53701,2025-10-17,crypto,0,0.0,,,,,,,,,,,,,False,,,0,72,insufficient,0.0,2025-12-30 20:14:13.882856
53702,2025-10-17,politics,0,0.0,,,,,,,,,,,,,False,,,0,79,insufficient,0.0,2025-12-30 20:14:13.882857
53703,2025-10-17,sports,0,0.0,,,,,,,,,,,,,False,,,0,68,insufficient,0.0,2025-12-30 20:14:13.882857
53704,2025-10-17,all,0,0.0,,,,,,,,,,,,,False,,,0,219,insufficient,0.0,2025-12-30 20:14:13.882858
53705,2025-10-18,crypto,0,0.0,,,,,,,,,,,,,False,,,0,72,insufficient,0.0,2025-12-30 20:14:13.882859
53706,2025-10-18,politics,0,0.0,,,,,,,,,,,,,False,,,0,79,insufficient,0.0,2025-12-30 20:14:13.882859
53707,2025-10-18,sports,0,0.0,,,,,,,,,,,,,False,,,0,68,insufficient,0.0,2025-12-30 20:14:13.882860
53708,2025-10-18,all,0,0.0,,,,,,,,,,,,,False,,,0,219,insufficient,0.0,2025-12-30 20:14:13.882861
53709,2025-10-19,crypto,0,0.0,,,,,,,,,,,,,False,,,0,72,insufficient,0.0,2025-12-30 20:14:13.882861
53710,2025-10-19,politics,0,0.0,,,,,,,,,,,,,False,,,0,79,insufficient,0.0,2025-12-30 20:14:13.882862
53711,2025-10-19,sports,0,0.0,,,,,,,,,,,,,False,,,0,68,insufficient,0.0,2025-12-30 20:14:13.882863
53712,2025-10-19,all,0,0.0,,,,,,,,,,,,,False,,,0,219,insufficient,0.0,2025-12-30 20:14:13.882863
53713,2025-10-20,crypto,0,0.0,,,,,,,,,,,,,False,,,0,72,insufficient,0.0,2025-12-30 20:14:13.882864
53714,2025-10-20,politics,0,0.0,,,,,,,,,,,,,False,,,0,79,insufficient,0.0,2025-12-30 20:14:13.882865
53715,2025-10-20,sports,0,0.0,,,,,,,,,,,,,False,,,0,68,insufficient,0.0,2025-12-30 20:14:13.882865
53716,2025-10-20,all,0,0.0,,,,,,,,,,,,,False,,,0,219,insufficient,0.0,2025-12-30 20:14:13.882866
53717,2025-10-21,crypto,0,0.0,,,,,,,,,,,,,False,,,0,72,insufficient,0.0,2025-12-30 20:14:13.882867
53718,2025-10-21,politics,0,0.0,,,,,,,,,,,,,False,,,0,79,insufficient,0.0,2025-12-30 20:14:13.882867
53719,2025-10-21,sports,0,0.0,,,,,,,,,,,,,False,,,0,68,insufficient,0.0,2025-12-30 20:14:13.882868
53720,2025-10-21,all,0,0.0,,,,,,,,,,,,,False,,,0,219,insufficient,0.0,2025-12-30 20:14:13.882869
53721,2025-10-22,crypto,0,0.0,,,,,,,,,,,,,False,,,0,72,insufficient,0.0,2025-12-30 20:14:13.882869
53722,2025-10-22,politics,0,0.0,,,,,,,,,,,,,False,,,0,79,insufficient,0.0,2025-12-30 20:14:13.882870
53723,2025-10-22,sports,0,0.0,,,,,,,,,,,,,False,,,0,68,insufficient,0.0,2025-12-30 20:14:13.882871
53724,2025-10-22,all,0,0.0,,,,,,,,,,,,,False,,,0,219,insufficient,0.0,2025-12-30 20:14:13.882871
53725,2025-10-23,crypto,0,0.0,,,,,,,,,,,,,False,,,0,72,insufficient,0.0,2025-12-30 20:14:13.882872
53726,2025-10-23,politics,0,0.0,,,,,,,,,,,,,False,,,0,79,insufficient,0.0,2025-12-30 20:14:13.882873
53727,2025-10-23,sports,0,0.0,,,,,,,,,,,,,False,,,0,68,insufficient,0.0,2025-12-30 20:14:13.882873
53728,2025-10-23,all,0,0.0,,,,,,,,,,,,,False,,,0,219,insufficient,0.0,2025-12-30 20:14:13.882874
53729,2025-10-24,crypto,0,0.0,,,,,,,,,,,,,False,,,0,72,insufficient,0.0,2025-12-30 20:14:13.882875
53730,2025-10-24,politics,0,0.0,,,,,,,,,,,,,False,,,0,79,insufficient,0.0,2025-12-30 20:14:13.882875
53731,2025-10-24,sports,0,0.0,,,,,,,,,,,,,False,,,0,68,insufficient,0.0,2025-12-30 20:14:13.882876
53732,2025-10-24,all,0,0.0,,,,,,,,,,,,,False,,,0,219,insufficient,0.0,2025-12-30 20:14:13.882877
53733,2025-10-25,crypto,0,0.0,,,,,,,,,,,,,False,,,0,72,insufficient,0.0,2025-12-30 20:14:13.882877
53734,2025-10-25,politics,0,0.0,,,,,,,,,,,,,False,,,0,79,insufficient,0.0,2025-12-30 20:14:13.882878
53735,2025-10-25,sports,0,0.0,,,,,,,,,,,,,False,,,0,68,insufficient,0.0,2025-12-30 20:14:13.882879
53736,2025-10-25,all,0,0.0,,,,,,,,,,,,,False,,,0,219,insufficient,0.0,2025-12-30 20:14:13.882879
53737,2025-10-26,crypto,0,0.0,,,,,,,,,,,,,False,,,0,72,insufficient,0.0,2025-12-30 20:14:13.882880
53738,2025-10-26,politics,0,0.0,,,,,,,,,,,,,False,,,0,79,insufficient,0.0,2025-12-30 20:14:13.882881
53739,2025-10-26,sports,0,0.0,,,,,,,,,,,,,False,,,0,68,insufficient,0.0,2025-12-30 20:14:13.882881
53740,2025-10-26,all,0,0.0,,,,,,,,,,,,,False,,,0,219,insufficient,0.0,2025-12-30 20:14:13.882882
53741,2025-10-27,crypto,0,0.0,,,,,,,,,,,,,False,,,0,72,insufficient,0.0,2025-12-30 20:14:13.882883
53742,2025-10-27,politics,0,0.0,,,,,,,,,,,,,False,,,0,79,insufficient,0.0,2025-12-30 20:14:13.882883
53743,2025-10-27,sports,0,0.0,,,,,,,,,,,,,False,,,0,68,insufficient,0.0,2025-12-30 20:14:13.882884
53744,2025-10-27,all,0,0.0,,,,,,,,,,,,,False,,,0,219,insufficient,0.0,2025-12-30 20:14:13.882885
53745,2025-10-28,crypto,0,0.0,,,,,,,,,,,,,False,,,0,72,insufficient,0.0,2025-12-30 20:14:13.882885
53746,2025-10-28,politics,0,0.0,,,,,,,,,,,,,False,,,0,79,insufficient,0.0,2025-12-30 20:14:13.882886
53747,2025-10-28,sports,0,0.0,,,,,,,,,,,,,False,,,0,68,insufficient,0.0,2025-12-30 20:14:13.882887
53748,2025-10-28,all,0,0.0,,,,,,,,,,,,,False,,,0,219,insufficient,0.0,2025-12-30 20:14:13.882887
53749,2025-10-29,crypto,0,0.0,,,,,,,,,,,,,False,,,0,72,insufficient,0.0,2025-12-30 20:14:13.882888
53750,2025-10-29,politics,0,0.0,,,,,,,,,,,,,False,,,0,79,insufficient,0.0,2025-12-30 20:14:13.882889
53751,2025-10-29,sports,0,0.0,,,,,,,,,,,,,False,,,0,68,insufficient,0.0,2025-12-30 20:14:13.882889
53752,2025-10-29,all,0,0.0,,,,,,,,,,,,,False,,,0,219,insufficient,0.0,2025-12-30 20:14:13.882890
53753,2025-10-30,crypto,0,0.0,,,,,,,,,,,,,False,,,0,72,insufficient,0.0,2025-12-30 20:14:13.882891
53754,2025-10-30,politics,0,0.0,,,,,,,,,,,,,False,,,0,79,insufficient,0.0,2025-12-30 20:14:13.882891
53755,2025-10-30,sports,0,0.0,,,,,,,,,,,,,False,,,0,68,insufficient,0.0,2025-12-30 20:14:13.882892
53756,2025-10-30,all,0,0.0,,,,,,,,,,,,,False,,,0,219,insufficient,0.0,2025-12-30 20:14:13.882893
53757,2025-10-31,crypto,0,0.0,,,,,,,,,,,,,False,,,0,72,insufficient,0.0,2025-12-30 20:14:13.882893
53758,2025-10-31,politics,0,0.0,,,,,,,,,,,,,False,,,0,79,insufficient,0.0,2025-12-30 20:14:13.882894
53759,2025-10-31,sports,0,0.0,,,,,,,,,,,,,False,,,0,68,insufficient,0.0,2025-12-30 20:14:13.882895
53760,2025-10-31,all,0,0.0,,,,,,,,,,,,,False,,,0,219,insufficient,0.0,2025-12-30 20:14:13.882895
53761,2025-11-01,crypto,0,0.0,,,,,,,,,,,,,False,,,0,72,insufficient,0.0,2025-12-30 20:14:13.882896
53762,2025-11-01,politics,0,0.0,,,,,,,,,,,,,False,,,0,79,insufficient,0.0,2025-12-30 20:14:13.882897
53763,2025-11-01,sports,0,0.0,,,,,,,,,,,,,False,,,0,68,insufficient,0.0,2025-12-30 20:14:13.882897
53764,2025-11-01,all,0,0.0,,,,,,,,,,,,,False,,,0,219,insufficient,0.0,2025-12-30 20:14:13.882898
53765,2025-11-02,crypto,0,0.0,,,,,,,,,,,,,False,,,0,72,insufficient,0.0,2025-12-30 20:14:13.882899
53766,2025-11-02,politics,0,0.0,,,,,,,,,,,,,False,,,0,79,insufficient,0.0,2025-12-30 20:14:13.882899
53767,2025-11-02,sports,0,0.0,,,,,,,,,,,,,False,,,0,68,insufficient,0.0,2025-12-30 20:14:13.882900
53768,2025-11-02,all,0,0.0,,,,,,,,,,,,,False,,,0,219,insufficient,0.0,2025-12-30 20:14:13.882901
53769,2025-11-03,crypto,0,0.0,,,,,,,,,,,,,False,,,0,72,insufficient,0.0,2025-12-30 20:14:13.882901
53770,2025-11-03,politics,0,0.0,,,,,,,,,,,,,False,,,0,79,insufficient,0.0,2025-12-30 20:14:13.882902
53771,2025-11-03,sports,0,0.0,,,,,,,,,,,,,False,,,0,68,insufficient,0.0,2025-12-30 20:14:13.882903
53772,2025-11-03,all,0,0.0,,,,,,,,,,,,,False,,,0,219,insufficient,0.0,2025-12-30 20:14:13.882903
53773,2025-11-04,crypto,0,0.0,,,,,,,,,,,,,False,,,0,72,insufficient,0.0,2025-12-30 20:14:13.882904
53774,2025-11-04,politics,0,0.0,,,,,,,,,,,,,False,,,0,79,insufficient,0.0,2025-12-30 20:14:13.882905
53775,2025-11-04,sports,0,0.0,,,,,,,,,,,,,False,,,0,68,insufficient,0.0,2025-12-30 20:14:13.882905
53776,2025-11-04,all,0,0.0,,,,,,,,,,,,,False,,,0,219,insufficient,0.0,2025-12-30 20:14:13.882906
53777,2025-11-05,crypto,0,0.0,,,,,,,,,,,,,False,,,0,72,insufficient,0.0,2025-12-30 20:14:13.882907
53778,2025-11-05,politics,0,0.0,,,,,,,,,,,,,False,,,0,79,insufficient,0.0,2025-12-30 20:14:13.882907
53779,2025-11-05,sports,0,0.0,,,,,,,,,,,,,False,,,0,68,insufficient,0.0,2025-12-30 20:14:13.882908
53780,2025-11-05,all,0,0.0,,,,,,,,,,,,,False,,,0,219,insufficient,0.0,2025-12-30 20:14:13.882909
53781,2025-11-06,crypto,0,0.0,,,,,,,,,,,,,False,,,0,72,insufficient,0.0,2025-12-30 20:14:13.882909
53782,2025-11-06,politics,0,0.0,,,,,,,,,,,,,False,,,0,79,insufficient,0.0,2025-12-30 20:14:13.882910
53783,2025-11-06,sports,0,0.0,,,,,,,,,,,,,False,,,0,68,insufficient,0.0,2025-12-30 20:14:13.882911
53784,2025-11-06,all,0,0.0,,,,,,,,,,,,,False,,,0,219,insufficient,0.0,2025-12-30 20:14:13.882911
53785,2025-11-07,crypto,0,0.0,,,,,,,,,,,,,False,,,0,72,insufficient,0.0,2025-12-30 20:14:13.882912
53786,2025-11-07,politics,0,0.0,,,,,,,,,,,,,False,,,0,79,insufficient,0.0,2025-12-30 20:14:13.882913
53787,2025-11-07,sports,0,0.0,,,,,,,,,,,,,False,,,0,68,insufficient,0.0,2025-12-30 20:14:13.882913
53788,2025-11-07,all,0,0.0,,,,,,,,,,,,,False,,,0,219,insufficient,0.0,2025-12-30 20:14:13.882914
53789,2025-11-08,crypto,0,0.0,,,,,,,,,,,,,False,,,0,72,insufficient,0.0,2025-12-30 20:14:13.882915
53790,2025-11-08,politics,0,0.0,,,,,,,,,,,,,False,,,0,79,insufficient,0.0,2025-12-30 20:14:13.882915
53791,2025-11-08,sports,0,0.0,,,,,,,,,,,,,False,,,0,68,insufficient,0.0,2025-12-30 20:14:13.882916
53792,2025-11-08,all,0,0.0,,,,,,,,,,,,,False,,,0,219,insufficient,0.0,2025-12-30 20:14:13.882916
53793,2025-11-09,crypto,0,0.0,,,,,,,,,,,,,False,,,0,72,insufficient,0.0,2025-12-30 20:14:13.882917
53794,2025-11-09,politics,0,0.0,,,,,,,,,,,,,False,,,0,79,insufficient,0.0,2025-12-30 20:14:13.882918
53795,2025-11-09,sports,0,0.0,,,,,,,,,,,,,False,,,0,68,insufficient,0.0,2025-12-30 20:14:13.882918
53796,2025-11-09,all,0,0.0,,,,,,,,,,,,,False,,,0,219,insufficient,0.0,2025-12-30 20:14:13.882919
53797,2025-11-10,crypto,0,0.0,,,,,,,,,,,,,False,,,0,72,insufficient,0.0,2025-12-30 20:14:13.882920
53798,2025-11-10,politics,0,0.0,,,,,,,,,,,,,False,,,0,79,insufficient,0.0,2025-12-30 20:14:13.882920
53799,2025-11-10,sports,0,0.0,,,,,,,,,,,,,False,,,0,68,insufficient,0.0,2025-12-30 20:14:13.882921
53800,2025-11-10,all,0,0.0,,,,,,,,,,,,,False,,,0,219,insufficient,0.0,2025-12-30 20:14:13.882922
53801,2025-11-11,crypto,0,0.0,,,,,,,,,,,,,False,,,0,72,insufficient,0.0,2025-12-30 20:14:13.882922
53802,2025-11-11,politics,0,0.0,,,,,,,,,,,,,False,,,0,79,insufficient,0.0,2025-12-30 20:14:13.882923
53803,2025-11-11,sports,0,0.0,,,,,,,,,,,,,False,,,0,68,insufficient,0.0,2025-12-30 20:14:13.882924
53804,2025-11-11,all,0,0.0,,,,,,,,,,,,,False,,,0,219,insufficient,0.0,2025-12-30 20:14:13.882924
53805,2025-11-12,crypto,0,0.0,,,,,,,,,,,,,False,,,0,72,insufficient,0.0,2025-12-30 20:14:13.882925
53806,2025-11-12,politics,0,0.0,,,,,,,,,,,,,False,,,0,79,insufficient,0.0,2025-12-30 20:14:13.882926
53807,2025-11-12,sports,0,0.0,,,,,,,,,,,,,False,,,0,68,insufficient,0.0,2025-12-30 20:14:13.882926
53808,2025-11-12,all,0,0.0,,,,,,,,,,,,,False,,,0,219,insufficient,0.0,2025-12-30 20:14:13.882927
53809,2025-11-13,crypto,0,0.0,,,,,,,,,,,,,False,,,0,72,insufficient,0.0,2025-12-30 20:14:13.882928
53810,2025-11-13,politics,0,0.0,,,,,,,,,,,,,False,,,0,79,insufficient,0.0,2025-12-30 20:14:13.882928
53811,2025-11-13,sports,0,0.0,,,,,,,,,,,,,False,,,0,68,insufficient,0.0,2025-12-30 20:14:13.882929
53812,2025-11-13,all,0,0.0,,,,,,,,,,,,,False,,,0,219,insufficient,0.0,2025-12-30 20:14:13.882930
53813,2025-11-14,crypto,0,0.0,,,,,,,,,,,,,False,,,0,72,insufficient,0.0,2025-12-30 20:14:13.882930
53814,2025-11-14,politics,0,0.0,,,,,,,,,,,,,False,,,0,79,insufficient,0.0,2025-12-30 20:14:13.882931
53815,2025-11-14,sports,0,0.0,,,,,,,,,,,,,False,,,0,68,insufficient,0.0,2025-12-30 20:14:13.882932
53816,2025-11-14,all,0,0.0,,,,,,,,,,,,,False,,,0,219,insufficient,0.0,2025-12-30 20:14:13.882932
53817,2025-11-15,crypto,0,0.0,,,,,,,,,,,,,False,,,0,72,insufficient,0.0,2025-12-30 20:14:13.882933
53818,2025-11-15,politics,0,0.0,,,,,,,,,,,,,False,,,0,79,insufficient,0.0,2025-12-30 20:14:13.882934
53819,2025-11-15,sports,0,0.0,,,,,,,,,,,,,False,,,0,68,insufficient,0.0,2025-12-30 20:14:13.882934
53820,2025-11-15,all,0,0.0,,,,,,,,,,,,,False,,,0,219,insufficient,0.0,2025-12-30 20:14:13.882935
53821,2025-11-16,crypto,0,0.0,,,,,,,,,,,,,False,,,0,72,insufficient,0.0,2025-12-30 20:14:13.882935
53822,2025-11-16,politics,0,0.0,,,,,,,,,,,,,False,,,0,79,insufficient,0.0,2025-12-30 20:14:13.882936
53823,2025-11-16,sports,0,0.0,,,,,,,,,,,,,False,,,0,68,insufficient,0.0,2025-12-30 20:14:13.882937
53824,2025-11-16,all,0,0.0,,,,,,,,,,,,,False,,,0,219,insufficient,0.0,2025-12-30 20:14:13.882937
53825,2025-11-17,crypto,0,0.0,,,,,,,,,,,,,False,,,0,72,insufficient,0.0,2025-12-30 20:14:13.882938
53826,2025-11-17,politics,0,0.0,,,,,,,,,,,,,False,,,0,79,insufficient,0.0,2025-12-30 20:14:13.882939
53827,2025-11-17,sports,0,0.0,,,,,,,,,,,,,False,,,0,68,insufficient,0.0,2025-12-30 20:14:13.882939
53828,2025-11-17,all,0,0.0,,,,,,,,,,,,,False,,,0,219,insufficient,0.0,2025-12-30 20:14:13.882940
53829,2025-11-18,crypto,0,0.0,,,,,,,,,,,,,False,,,0,72,insufficient,0.0,2025-12-30 20:14:13.882941
53830,2025-11-18,politics,0,0.0,,,,,,,,,,,,,False,,,0,79,insufficient,0.0,2025-12-30 20:14:13.882941
53831,2025-11-18,sports,0,0.0,,,,,,,,,,,,,False,,,0,68,insufficient,0.0,2025-12-30 20:14:13.882942
53832,2025-11-18,all,0,0.0,,,,,,,,,,,,,False,,,0,219,insufficient,0.0,2025-12-30 20:14:13.882943
53833,2025-11-19,crypto,0,0.0,,,,,,,,,,,,,False,,,0,72,insufficient,0.0,2025-12-30 20:14:13.882943
53834,2025-11-19,politics,0,0.0,,,,,,,,,,,,,False,,,0,79,insufficient,0.0,2025-12-30 20:14:13.882944
53835,2025-11-19,sports,0,0.0,,,,,,,,,,,,,False,,,0,68,insufficient,0.0,2025-12-30 20:14:13.882945
53836,2025-11-19,all,0,0.0,,,,,,,,,,,,,False,,,0,219,insufficient,0.0,2025-12-30 20:14:13.882945
53837,2025-11-20,crypto,0,0.0,,,,,,,,,,,,,False,,,0,72,insufficient,0.0,2025-12-30 20:14:13.882946
53838,2025-11-20,politics,0,0.0,,,,,,,,,,,,,False,,,0,79,insufficient,0.0,2025-12-30 20:14:13.882947
53839,2025-11-20,sports,0,0.0,,,,,,,,,,,,,False,,,0,68,insufficient,0.0,2025-12-30 20:14:13.882947
53840,2025-11-20,all,0,0.0,,,,,,,,,,,,,False,,,0,219,insufficient,0.0,2025-12-30 20:14:13.882948
53841,2025-11-21,crypto,0,0.0,,,,,,,,,,,,,False,,,0,72,insufficient,0.0,2025-12-30 20:14:13.882949
53842,2025-11-21,politics,0,0.0,,,,,,,,,,,,,False,,,0,79,insufficient,0.0,2025-12-30 20:14:13.882949
53843,2025-11-21,sports,0,0.0,,,,,,,,,,,,,False,,,0,68,insufficient,0.0,2025-12-30 20:14:13.882950
53844,2025-11-21,all,0,0.0,,,,,,,,,,,,,False,,,0,219,insufficient,0.0,2025-12-30 20:14:13.882951
53845,2025-11-22,crypto,0,0.0,,,,,,,,,,,,,False,,,0,72,insufficient,0.0,2025-12-30 20:14:13.882951
53846,2025-11-22,politics,0,0.0,,,,,,,,,,,,,False,,,0,79,insufficient,0.0,2025-12-30 20:14:13.882952
53847,2025-11-22,sports,0,0.0,,,,,,,,,,,,,False,,,0,68,insufficient,0.0,2025-12-30 20:14:13.882953
53848,2025-11-22,all,0,0.0,,,,,,,,,,,,,False,,,0,219,insufficient,0.0,2025-12-30 20:14:13.882953
53849,2025-11-23,crypto,0,0.0,,,,,,,,,,,,,False,,,0,72,insufficient,0.0,2025-12-30 20:14:13.882954
53850,2025-11-23,politics,0,0.0,,,,,,,,,,,,,False,,,0,79,insufficient,0.0,2025-12-30 20:14:13.882955
53851,2025-11-23,sports,0,0.0,,,,,,,,,,,,,False,,,0,68,insufficient,0.0,2025-12-30 20:14:13.882955
53852,2025-11-23,all,0,0.0,,,,,,,,,,,,,False,,,0,219,insufficient,0.0,2025-12-30 20:14:13.882956
53853,2025-11-24,crypto,0,0.0,,,,,,,,,,,,,False,,,0,72,insufficient,0.0,2025-12-30 20:14:13.882957
53854,2025-11-24,politics,0,0.0,,,,,,,,,,,,,False,,,0,79,insufficient,0.0,2025-12-30 20:14:13.882957
53855,2025-11-24,sports,0,0.0,,,,,,,,,,,,,False,,,0,68,insufficient,0.0,2025-12-30 20:14:13.882958
53856,2025-11-24,all,0,0.0,,,,,,,,,,,,,False,,,0,219,insufficient,0.0,2025-12-30 20:14:13.882959
53857,2025-11-25,crypto,0,0.0,,,,,,,,,,,,,False,,,0,72,insufficient,0.0,2025-12-30 20:14:13.882959
53858,2025-11-25,politics,0,0.0,,,,,,,,,,,,,False,,,0,79,insufficient,0.0,2025-12-30 20:14:13.882960
53859,2025-11-25,sports,0,0.0,,,,,,,,,,,,,False,,,0,68,insufficient,0.0,2025-12-30 20:14:13.882961
53860,2025-11-25,all,0,0.0,,,,,,,,,,,,,False,,,0,219,insufficient,0.0,2025-12-30 20:14:13.882961
53861,2025-11-26,crypto,0,0.0,,,,,,,,,,,,,False,,,0,72,insufficient,0.0,2025-12-30 20:14:13.882962
53862,2025-11-26,politics,0,0.0,,,,,,,,,,,,,False,,,0,79,insufficient,0.0,2025-12-30 20:14:13.882963
53863,2025-11-26,sports,0,0.0,,,,,,,,,,,,,False,,,0,68,insufficient,0.0,2025-12-30 20:14:13.882963
53864,2025-11-26,all,0,0.0,,,,,,,,,,,,,False,,,0,219,insufficient,0.0,2025-12-30 20:14:13.882964
53865,2025-11-27,crypto,0,0.0,,,,,,,,,,,,,False,,,0,72,insufficient,0.0,2025-12-30 20:14:13.882965
53866,2025-11-27,politics,0,0.0,,,,,,,,,,,,,False,,,0,79,insufficient,0.0,2025-12-30 20:14:13.882965
53867,2025-11-27,sports,0,0.0,,,,,,,,,,,,,False,,,0,68,insufficient,0.0,2025-12-30 20:14:13.882966
53868,2025-11-27,all,0,0.0,,,,,,,,,,,,,False,,,0,219,insufficient,0.0,2025-12-30 20:14:13.882967
53869,2025-11-28,crypto,0,0.0,,,,,,,,,,,,,False,,,0,72,insufficient,0.0,2025-12-30 20:14:13.882967
53870,2025-11-28,politics,0,0.0,,,,,,,,,,,,,False,,,0,79,insufficient,0.0,2025-12-30 20:14:13.882968
53871,2025-11-28,sports,0,0.0,,,,,,,,,,,,,False,,,0,68,insufficient,0.0,2025-12-30 20:14:13.882969
53872,2025-11-28,all,0,0.0,,,,,,,,,,,,,False,,,0,219,insufficient,0.0,2025-12-30 20:14:13.882969
53873,2025-11-29,crypto,0,0.0,,,,,,,,,,,,,False,,,0,72,insufficient,0.0,2025-12-30 20:14:13.882970
53874,2025-11-29,politics,0,0.0,,,,,,,,,,,,,False,,,0,79,insufficient,0.0,2025-12-30 20:14:13.882970
53875,2025-11-29,sports,0,0.0,,,,,,,,,,,,,False,,,0,68,insufficient,0.0,2025-12-30 20:14:13.882971
53876,2025-11-29,all,0,0.0,,,,,,,,,,,,,False,,,0,219,insufficient,0.0,2025-12-30 20:14:13.882972
53877,2025-11-30,crypto,0,0.0,,,,,,,,,,,,,False,,,0,72,insufficient,0.0,2025-12-30 20:14:13.882972
53878,2025-11-30,politics,0,0.0,,,,,,,,,,,,,False,,,0,79,insufficient,0.0,2025-12-30 20:14:13.882973
53879,2025-11-30,sports,0,0.0,,,,,,,,,,,,,False,,,0,68,insufficient,0.0,2025-12-30 20:14:13.882974
53880,2025-11-30,all,0,0.0,,,,,,,,,,,,,False,,,0,219,insufficient,0.0,2025-12-30 20:14:13.882974
53881,2025-12-01,crypto,0,0.0,,,,,,,,,,,,,False,,,0,72,insufficient,0.0,2025-12-30 20:14:13.882975
53882,2025-12-01,politics,0,0.0,,,,,,,,,,,,,False,,,0,79,insufficient,0.0,2025-12-30 20:14:13.882976
53883,2025-12-01,sports,0,0.0,,,,,,,,,,,,,False,,,0,68,insufficient,0.0,2025-12-30 20:14:13.882976
53884,2025-12-01,all,0,0.0,,,,,,,,,,,,,False,,,0,219,insufficient,0.0,2025-12-30 20:14:13.882977
53885,2025-12-02,crypto,0,0.0,,,,,,,,,,,,,False,,,0,72,insufficient,0.0,2025-12-30 20:14:13.882978
53886,2025-12-02,politics,0,0.0,,,,,,,,,,,,,False,,,0,79,insufficient,0.0,2025-12-30 20:14:13.882978
53887,2025-12-02,sports,0,0.0,,,,,,,,,,,,,False,,,0,68,insufficient,0.0,2025-12-30 20:14:13.882979
53888,2025-12-02,all,0,0.0,,,,,,,,,,,,,False,,,0,219,insufficient,0.0,2025-12-30 20:14:13.882980
53889,2025-12-03,crypto,0,0.0,,,,,,,,,,,,,False,,,0,72,insufficient,0.0,2025-12-30 20:14:13.882980
53890,2025-12-03,politics,0,0.0,,,,,,,,,,,,,False,,,0,79,insufficient,0.0,2025-12-30 20:14:13.882981
53891,2025-12-03,sports,0,0.0,,,,,,,,,,,,,False,,,0,68,insufficient,0.0,2025-12-30 20:14:13.882982
53892,2025-12-03,all,0,0.0,,,,,,,,,,,,,False,,,0,219,insufficient,0.0,2025-12-30 20:14:13.882982
53893,2025-12-04,crypto,0,0.0,,,,,,,,,,,,,False,,,0,72,insufficient,0.0,2025-12-30 20:14:13.882983
53894,2025-12-04,politics,0,0.0,,,,,,,,,,,,,False,,,0,79,insufficient,0.0,2025-12-30 20:14:13.882984
53895,2025-12-04,sports,0,0.0,,,,,,,,,,,,,False,,,0,68,insufficient,0.0,2025-12-30 20:14:13.882984
53896,2025-12-04,all,0,0.0,,,,,,,,,,,,,False,,,0,219,insufficient,0.0,2025-12-30 20:14:13.882985
53897,2025-12-05,crypto,0,0.0,,,,,,,,,,,,,False,,,0,72,insufficient,0.0,2025-12-30 20:14:13.882986
53898,2025-12-05,politics,0,0.0,,,,,,,,,,,,,False,,,0,79,insufficient,0.0,2025-12-30 20:14:13.882986
53899,2025-12-05,sports,0,0.0,,,,,,,,,,,,,False,,,0,68,insufficient,0.0,2025-12-30 20:14:13.882987
53900,2025-12-05,all,0,0.0,,,,,,,,,,,,,False,,,0,219,insufficient,0.0,2025-12-30 20:14:13.882988
53901,2025-12-06,crypto,0,0.0,,,,,,,,,,,,,False,,,0,72,insufficient,0.0,2025-12-30 20:14:13.882988
53902,2025-12-06,politics,0,0.0,,,,,,,,,,,,,False,,,0,79,insufficient,0.0,2025-12-30 20:14:13.882989
53903,2025-12-06,sports,0,0.0,,,,,,,,,,,,,False,,,0,68,insufficient,0.0,2025-12-30 20:14:13.882990
53904,2025-12-06,all,0,0.0,,,,,,,,,,,,,False,,,0,219,insufficient,0.0,2025-12-30 20:14:13.882990
53905,2025-12-07,crypto,0,0.0,,,,,,,,,,,,,False,,,0,72,insufficient,0.0,2025-12-30 20:14:13.882991
53906,2025-12-07,politics,0,0.0,,,,,,,,,,,,,False,,,0,79,insufficient,0.0,2025-12-30 20:14:13.882992
53907,2025-12-07,sports,0,0.0,,,,,,,,,,,,,False,,,0,68,insufficient,0.0,2025-12-30 20:14:13.882992
53908,2025-12-07,all,0,0.0,,,,,,,,,,,,,False,,,0,219,insufficient,0.0,2025-12-30 20:14:13.882993
53909,2025-12-08,crypto,0,0.0,,,,,,,,,,,,,False,,,0,72,insufficient,0.0,2025-12-30 20:14:13.882994
53910,2025-12-08,politics,0,0.0,,,,,,,,,,,,,False,,,0,79,insufficient,0.0,2025-12-30 20:14:13.882994
53911,2025-12-08,sports,0,0.0,,,,,,,,,,,,,False,,,0,68,insufficient,0.0,2025-12-30 20:14:13.882995
53912,2025-12-08,all,0,0.0,,,,,,,,,,,,,False,,,0,219,insufficient,0.0,2025-12-30 20:14:13.882996
53913,2025-12-09,crypto,0,0.0,,,,,,,,,,,,,False,,,0,72,insufficient,0.0,2025-12-30 20:14:13.882996
53914,2025-12-09,politics,0,0.0,,,,,,,,,,,,,False,,,0,79,insufficient,0.0,2025-12-30 20:14:13.882997
53915,2025-12-09,sports,0,0.0,,,,,,,,,,,,,False,,,0,68,insufficient,0.0,2025-12-30 20:14:13.882998
53916,2025-12-09,all,0,0.0,,,,,,,,,,,,,False,,,0,219,insufficient,0.0,2025-12-30 20:14:13.882998
53917,2025-12-10,crypto,0,0.0,,,,,,,,,,,,,False,,,0,72,insufficient,0.0,2025-12-30 20:14:13.882999
53918,2025-12-10,politics,0,0.0,,,,,,,,,,,,,False,,,0,79,insufficient,0.0,2025-12-30 20:14:13.883000
53919,2025-12-10,sports,0,0.0,,,,,,,,,,,,,False,,,0,68,insufficient,0.0,2025-12-30 20:14:13.883000
53920,2025-12-10,all,0,0.0,,,,,,,,,,,,,False,,,0,219,insufficient,0.0,2025-12-30 20:14:13.883001
53921,2025-12-11,crypto,0,0.0,,,,,,,,,,,,,False,,,0,72,insufficient,0.0,2025-12-30 20:14:13.883002
53922,2025-12-11,politics,0,0.0,,,,,,,,,,,,,False,,,0,79,insufficient,0.0,2025-12-30 20:14:13.883002
53923,2025-12-11,sports,0,0.0,,,,,,,,,,,,,False,,,0,68,insufficient,0.0,2025-12-30 20:14:13.883003
53924,2025-12-11,all,0,0.0,,,,,,,,,,,,,False,,,0,219,insufficient,0.0,2025-12-30 20:14:13.883004
53925,2025-12-12,crypto,0,0.0,,,,,,,,,,,,,False,,,0,72,insufficient,0.0,2025-12-30 20:14:13.883004
53926,2025-12-12,politics,0,0.0,,,,,,,,,,,,,False,,,0,79,insufficient,0.0,2025-12-30 20:14:13.883005
53927,2025-12-12,sports,0,0.0,,,,,,,,,,,,,False,,,0,68,insufficient,0.0,2025-12-30 20:14:13.883006
53928,2025-12-12,all,0,0.0,,,,,,,,,,,,,False,,,0,219,insufficient,0.0,2025-12-30 20:14:13.883006
53929,2025-12-13,crypto,0,0.0,,,,,,,,,,,,,False,,,0,72,insufficient,0.0,2025-12-30 20:14:13.883007
53930,2025-12-13,politics,0,0.0,,,,,,,,,,,,,False,,,0,79,insufficient,0.0,2025-12-30 20:14:13.883008
53931,2025-12-13,sports,0,0.0,,,,,,,,,,,,,False,,,0,68,insufficient,0.0,2025-12-30 20:14:13.883008
53932,2025-12-13,all,0,0.0,,,,,,,,,,,,,False,,,0,219,insufficient,0.0,2025-12-30 20:14:13.883009
53933,2025-12-14,crypto,0,0.0,,,,,,,,,,,,,False,,,0,72,insufficient,0.0,2025-12-30 20:14:13.883010
53934,2025-12-14,politics,0,0.0,,,,,,,,,,,,,False,,,0,79,insufficient,0.0,2025-12-30 20:14:13.883010
53935,2025-12-14,sports,0,0.0,,,,,,,,,,,,,False,,,0,68,insufficient,0.0,2025-12-30 20:14:13.883011
53936,2025-12-14,all,0,0.0,,,,,,,,,,,,,False,,,0,219,insufficient,0.0,2025-12-30 20:14:13.883012
53937,2025-12-15,crypto,0,0.0,,,,,,,,,,,,,False,,,0,72,insufficient,0.0,2025-12-30 20:14:13.883012
53938,2025-12-15,politics,0,0.0,,,,,,,,,,,,,False,,,0,79,insufficient,0.0,2025-12-30 20:14:13.883013
53939,2025-12-15,sports,0,0.0,,,,,,,,,,,,,False,,,0,68,insufficient,0.0,2025-12-30 20:14:13.883014
53940,2025-12-15,all,0,0.0,,,,,,,,,,,,,False,,,0,219,insufficient,0.0,2025-12-30 20:14:13.883014
53941,2025-12-16,crypto,0,0.0,,,,,,,,,,,,,False,,,0,72,insufficient,0.0,2025-12-30 20:14:13.883015
53942,2025-12-16,politics,0,0.0,,,,,,,,,,,,,False,,,0,79,insufficient,0.0,2025-12-30 20:14:13.883016
53943,2025-12-16,sports,0,0.0,,,,,,,,,,,,,False,,,0,68,insufficient,0.0,2025-12-30 20:14:13.883016
53944,2025-12-16,all,0,0.0,,,,,,,,,,,,,False,,,0,219,insufficient,0.0,2025-12-30 20:14:13.883017
53945,2025-12-17,crypto,0,0.0,,,,,,,,,,,,,False,,,0,72,insufficient,0.0,2025-12-30 20:14:13.883018
53946,2025-12-17,politics,0,0.0,,,,,,,,,,,,,False,,,0,79,insufficient,0.0,2025-12-30 20:14:13.883018
53947,2025-12-17,sports,0,0.0,,,,,,,,,,,,,False,,,0,68,insufficient,0.0,2025-12-30 20:14:13.883019
53948,2025-12-17,all,0,0.0,,,,,,,,,,,,,False,,,0,219,insufficient,0.0,2025-12-30 20:14:13.883020
53949,2025-12-18,crypto,0,0.0,,,,,,,,,,,,,False,,,0,72,insufficient,0.0,2025-12-30 20:14:13.883020
53950,2025-12-18,politics,0,0.0,,,,,,,,,,,,,False,,,0,79,insufficient,0.0,2025-12-30 20:14:13.883021
53951,2025-12-18,sports,0,0.0,,,,,,,,,,,,,False,,,0,68,insufficient,0.0,2025-12-30 20:14:13.883022
53952,2025-12-18,all,0,0.0,,,,,,,,,,,,,False,,,0,219,insufficient,0.0,2025-12-30 20:14:13.883022
53953,2025-12-19,crypto,0,0.0,,,,,,,,,,,,,False,,,0,72,insufficient,0.0,2025-12-30 20:14:13.883023
53954,2025-12-19,politics,0,0.0,,,,,,,,,,,,,False,,,0,79,insufficient,0.0,2025-12-30 20:14:13.883024
53955,2025-12-19,sports,0,0.0,,,,,,,,,,,,,False,,,0,68,insufficient,0.0,2025-12-30 20:14:13.883024
53956,2025-12-19,all,0,0.0,,,,,,,,,,,,,False,,,0,219,insufficient,0.0,2025-12-30 20:14:13.883025
53957,2025-12-20,crypto,0,0.0,,,,,,,,,,,,,False,,,0,72,insufficient,0.0,2025-12-30 20:14:13.883026
53958,2025-12-20,politics,0,0.0,,,,,,,,,,,,,False,,,0,79,insufficient,0.0,2025-12-30 20:14:13.883026
53959,2025-12-20,sports,0,0.0,,,,,,,,,,,,,False,,,0,68,insufficient,0.0,2025-12-30 20:14:13.883027
53960,2025-12-20,all,0,0.0,,,,,,,,,,,,,False,,,0,219,insufficient,0.0,2025-12-30 20:14:13.883028
53961,2025-12-21,crypto,0,0.0,,,,,,,,,,,,,False,,,0,72,insufficient,0.0,2025-12-30 20:14:13.883028
53962,2025-12-21,politics,0,0.0,,,,,,,,,,,,,False,,,0,79,insufficient,0.0,2025-12-30 20:14:13.883029
53963,2025-12-21,sports,0,0.0,,,,,,,,,,,,,False,,,0,68,insufficient,0.0,2025-12-30 20:14:13.883029
53964,2025-12-21,all,0,0.0,,,,,,,,,,,,,False,,,0,219,insufficient,0.0,2025-12-30 20:14:13.883030
53965,2025-12-22,crypto,0,0.0,,,,,,,,,,,,,False,,,0,72,insufficient,0.0,2025-12-30 20:14:13.883031
53966,2025-12-22,politics,0,0.0,,,,,,,,,,,,,False,,,0,79,insufficient,0.0,2025-12-30 20:14:13.883031
53967,2025-12-22,sports,0,0.0,,,,,,,,,,,,,False,,,0,68,insufficient,0.0,2025-12-30 20:14:13.883032
53968,2025-12-22,all,0,0.0,,,,,,,,,,,,,False,,,0,219,insufficient,0.0,2025-12-30 20:14:13.883033
53969,2025-12-23,crypto,0,0.0,,,,,,,,,,,,,False,,,0,72,insufficient,0.0,2025-12-30 20:14:13.883033
53970,2025-12-23,politics,0,0.0,,,,,,,,,,,,,False,,,0,79,insufficient,0.0,2025-12-30 20:14:13.883034
53971,2025-12-23,sports,0,0.0,,,,,,,,,,,,,False,,,0,68,insufficient,0.0,2025-12-30 20:14:13.883035
53972,2025-12-23,all,0,0.0,,,,,,,,,,,,,False,,,0,219,insufficient,0.0,2025-12-30 20:14:13.883036
53973,2025-12-24,crypto,0,0.0,,,,,,,,,,,,,False,,,0,72,insufficient,0.0,2025-12-30 20:14:13.883036
53974,2025-12-24,politics,0,0.0,,,,,,,,,,,,,False,,,0,79,insufficient,0.0,2025-12-30 20:14:13.883037
53975,2025-12-24,sports,0,0.0,,,,,,,,,,,,,False,,,0,68,insufficient,0.0,2025-12-30 20:14:13.883038
53976,2025-12-24,all,0,0.0,,,,,,,,,,,,,False,,,0,219,insufficient,0.0,2025-12-30 20:14:13.883038
53977,2025-12-25,crypto,0,0.0,,,,,,,,,,,,,False,,,0,72,insufficient,0.0,2025-12-30 20:14:13.883039
53978,2025-12-25,politics,0,0.0,,,,,,,,,,,,,False,,,0,79,insufficient,0.0,2025-12-30 20:14:13.883039
53979,2025-12-25,sports,0,0.0,,,,,,,,,,,,,False,,,0,68,insufficient,0.0,2025-12-30 20:14:13.883040
53980,2025-12-25,all,0,0.0,,,,,,,,,,,,,False,,,0,219,insufficient,0.0,2025-12-30 20:14:13.883041
53981,2025-12-26,crypto,0,0.0,,,,,,,,,,,,,False,,,0,72,insufficient,0.0,2025-12-30 20:14:13.883042
53982,2025-12-26,politics,0,0.0,,,,,,,,,,,,,False,,,0,79,insufficient,0.0,2025-12-30 20:14:13.883042
53983,2025-12-26,sports,0,0.0,,,,,,,,,,,,,False,,,0,68,insufficient,0.0,2025-12-30 20:14:13.883043
53984,2025-12-26,all,0,0.0,,,,,,,,,,,,,False,,,0,219,insufficient,0.0,2025-12-30 20:14:13.883043
53985,2025-12-27,crypto,0,0.0,,,,,,,,,,,,,False,,,0,72,insufficient,0.0,2025-12-30 20:14:13.883044
53986,2025-12-27,politics,0,0.0,,,,,,,,,,,,,False,,,0,79,insufficient,0.0,2025-12-30 20:14:13.883045
53987,2025-12-27,sports,0,0.0,,,,,,,,,,,,,False,,,0,68,insufficient,0.0,2025-12-30 20:14:13.883046
53988,2025-12-27,all,0,0.0,,,,,,,,,,,,,False,,,0,219,insufficient,0.0,2025-12-30 20:14:13.883046
53989,2025-12-28,crypto,0,0.0,,,,,,,,,,,,,False,,,0,72,insufficient,0.0,2025-12-30 20:14:13.883047
53990,2025-12-28,politics,0,0.0,,,,,,,,,,,,,False,,,0,79,insufficient,0.0,2025-12-30 20:14:13.883048
53991,2025-12-28,sports,0,0.0,,,,,,,,,,,,,False,,,0,68,insufficient,0.0,2025-12-30 20:14:13.883048
53992,2025-12-28,all,0,0.0,,,,,,,,,,,,,False,,,0,219,insufficient,0.0,2025-12-30 20:14:13.883049
53993,2025-12-29,crypto,25199,8056181.63813982,115.349915438296,0.250684550974245,0.00220545759443708,0.250684550974245,0.651613159252351,0.0,2.86872947669743,0.417807584957075,1.0,5.88,medium,0.326292618876441,False,7.13248,percentile,59,72,high,1.0,2025-12-30 20:14:13.883050
53994,2025-12-29,politics,9703,2130529.60360699,71.5358968127791,0.352468308770483,0.00565020387682939,0.352468308770483,0.674327527568793,0.0,3.25801692182271,0.587447181284139,1.0,6.64,medium,0.510005259449768,True,9.98994,percentile,66,79,high,1.0,2025-12-30 20:14:13.883050
53995,2025-12-29,sports,12882,618407.816607998,29.3655307521132,0.303834808259587,0.0117966427058025,0.303834808259587,0.717435180872535,0.0,4.21699203574393,0.506391347099312,1.0,6.28,medium,0.169193644202146,False,4.99497,percentile,62,68,high,1.0,2025-12-30 20:14:13.883051
53996,2025-12-29,all,47784,10805119.0583548,74.9734527412687,0.300644567219153,0.00378104340344222,0.300644567219153,0.673970366649925,0.0,3.00375445542701,0.501074278698588,1.0,6.25,medium,0.401824378328785,False,8.3,percentile,187,219,high,1.0,2025-12-30 20:14:13.883052
53997,2025-12-30,crypto,12190,5533240.06904824,121.572030836675,0.25143560295324,0.000736023985075442,0.25143560295324,0.312059064807219,0.0,3.513184048171,0.419059338255401,1.0,5.72,medium,0.308765991767992,False,2.852,percentile,56,72,high,1.0,2025-12-30 20:14:13.883052
53998,2025-12-30,politics,4220,1208412.68648298,50.8550841650869,0.36303317535545,0.00473148693650405,0.36303317535545,0.298815165876777,0.0,3.39620087362078,0.605055292259084,1.0,6.5,medium,0.458743229546356,False,9.199998,percentile,59,79,high,1.0,2025-12-30 20:14:13.883053
53999,2025-12-30,sports,5474,519180.711740982,71.7315723441559,0.302338326635002,0.0148171866289168,0.302338326635002,0.200219218122031,0.0,4.25065526339687,0.503897211058336,1.0,5.63,medium,0.118018849988724,False,12.974,percentile,59,68,high,1.0,2025-12-30 20:14:13.883054
54000,2025-12-30,all,21884,7260833.46727178,84.5945526179935,0.328139279839152,0.00255195480636224,0.328139279839152,0.281529884847377,0.0,2.83724333837339,0.54689879973192,1.0,6.17,medium,0.386922976225142,False,4.995,percentile,174,219,high,1.0,2025-12-30 20:14:13.883054
26641,2025-07-03,crypto,0,0.0,,,,,,,,,,,,,False,,,0,73,insufficient,0.0,2025-12-29 23:31:27.314460
26642,2025-07-03,politics,0,0.0,,,,,,,,,,,,,False,,,0,74,insufficient,0.0,2025-12-29 23:31:27.314463
26643,2025-07-03,sports,0,0.0,,,,,,,,,,,,,False,,,0,67,insufficient,0.0,2025-12-29 23:31:27.314464
26644,2025-07-03,all,0,0.0,,,,,,,,,,,,,False,,,0,214,insufficient,0.0,2025-12-29 23:31:27.314464
